This is XeTeX, Version 3.141592653-2.6-0.999998 (TeX Live 2026) (preloaded format=xelatex 2026.4.12)  15 APR 2026 23:33
entering extended mode
 restricted \write18 enabled.
 %&-line parsing enabled.
**Traitement-TP1.tex
(./Traitement-TP1.tex
LaTeX2e <2025-11-01>
L3 programming layer <2026-03-20>
(c:/Users/hp/AppData/Roaming/TinyTeX/texmf-dist/tex/latex/base/article.cls
Document Class: article 2025/01/22 v1.4n Standard LaTeX document class
(c:/Users/hp/AppData/Roaming/TinyTeX/texmf-dist/tex/latex/base/size11.clo
File: size11.clo 2025/01/22 v1.4n Standard LaTeX file (size option)
)
\c@part=\count271
\c@section=\count272
\c@subsection=\count273
\c@subsubsection=\count274
\c@paragraph=\count275
\c@subparagraph=\count276
\c@figure=\count277
\c@table=\count278
\abovecaptionskip=\skip49
\belowcaptionskip=\skip50
\bibindent=\dimen150
) (c:/Users/hp/AppData/Roaming/TinyTeX/texmf-dist/tex/latex/xcolor/xcolor.sty
Package: xcolor 2024/09/29 v3.02 LaTeX color extensions (UK)
(c:/Users/hp/AppData/Roaming/TinyTeX/texmf-dist/tex/latex/graphics-cfg/color.cfg
File: color.cfg 2016/01/02 v1.6 sample color configuration
)
Package xcolor Info: Driver file: xetex.def on input line 274.
(c:/Users/hp/AppData/Roaming/TinyTeX/texmf-dist/tex/latex/graphics-def/xetex.def
File: xetex.def 2025/11/01 v5.0p Graphics/color driver for xetex
) (c:/Users/hp/AppData/Roaming/TinyTeX/texmf-dist/tex/latex/graphics/mathcolor.ltx)
Package xcolor Info: Model `cmy' substituted by `cmy0' on input line 1349.
Package xcolor Info: Model `RGB' extended on input line 1365.
Package xcolor Info: Model `HTML' substituted by `rgb' on input line 1367.
Package xcolor Info: Model `Hsb' substituted by `hsb' on input line 1368.
Package xcolor Info: Model `tHsb' substituted by `hsb' on input line 1369.
Package xcolor Info: Model `HSB' substituted by `hsb' on input line 1370.
Package xcolor Info: Model `Gray' substituted by `gray' on input line 1371.
Package xcolor Info: Model `wave' substituted by `hsb' on input line 1372.
) (c:/Users/hp/AppData/Roaming/TinyTeX/texmf-dist/tex/latex/amsmath/amsmath.sty
Package: amsmath 2025/07/09 v2.17z AMS math features
\@mathmargin=\skip51
For additional information on amsmath, use the `?' option.
(c:/Users/hp/AppData/Roaming/TinyTeX/texmf-dist/tex/latex/amsmath/amstext.sty
Package: amstext 2024/11/17 v2.01 AMS text
(c:/Users/hp/AppData/Roaming/TinyTeX/texmf-dist/tex/latex/amsmath/amsgen.sty
File: amsgen.sty 1999/11/30 v2.0 generic functions
\@emptytoks=\toks17
\ex@=\dimen151
)) (c:/Users/hp/AppData/Roaming/TinyTeX/texmf-dist/tex/latex/amsmath/amsbsy.sty
Package: amsbsy 1999/11/29 v1.2d Bold Symbols
\pmbraise@=\dimen152
) (c:/Users/hp/AppData/Roaming/TinyTeX/texmf-dist/tex/latex/amsmath/amsopn.sty
Package: amsopn 2022/04/08 v2.04 operator names
)
\inf@bad=\count279
LaTeX Info: Redefining \frac on input line 233.
\uproot@=\count280
\leftroot@=\count281
LaTeX Info: Redefining \overline on input line 398.
LaTeX Info: Redefining \colon on input line 409.
\classnum@=\count282
\DOTSCASE@=\count283
LaTeX Info: Redefining \ldots on input line 495.
LaTeX Info: Redefining \dots on input line 498.
LaTeX Info: Redefining \cdots on input line 619.
\Mathstrutbox@=\box53
\strutbox@=\box54
LaTeX Info: Redefining \big on input line 721.
LaTeX Info: Redefining \Big on input line 722.
LaTeX Info: Redefining \bigg on input line 723.
LaTeX Info: Redefining \Bigg on input line 724.
\big@size=\dimen153
LaTeX Font Info:    Redeclaring font encoding OML on input line 742.
LaTeX Font Info:    Redeclaring font encoding OMS on input line 743.
\macc@depth=\count284
LaTeX Info: Redefining \bmod on input line 904.
LaTeX Info: Redefining \pmod on input line 909.
LaTeX Info: Redefining \smash on input line 939.
LaTeX Info: Redefining \relbar on input line 969.
LaTeX Info: Redefining \Relbar on input line 970.
\c@MaxMatrixCols=\count285
\dotsspace@=\muskip17
\c@parentequation=\count286
\dspbrk@lvl=\count287
\tag@help=\toks18
\row@=\count288
\column@=\count289
\maxfields@=\count290
\andhelp@=\toks19
\eqnshift@=\dimen154
\alignsep@=\dimen155
\tagshift@=\dimen156
\tagwidth@=\dimen157
\totwidth@=\dimen158
\lineht@=\dimen159
\@envbody=\toks20
\multlinegap=\skip52
\multlinetaggap=\skip53
\mathdisplay@stack=\toks21
LaTeX Info: Redefining \[ on input line 2950.
LaTeX Info: Redefining \] on input line 2951.
) (c:/Users/hp/AppData/Roaming/TinyTeX/texmf-dist/tex/latex/amsfonts/amssymb.sty
Package: amssymb 2013/01/14 v3.01 AMS font symbols
(c:/Users/hp/AppData/Roaming/TinyTeX/texmf-dist/tex/latex/amsfonts/amsfonts.sty
Package: amsfonts 2013/01/14 v3.01 Basic AMSFonts support
\symAMSa=\mathgroup4
\symAMSb=\mathgroup5
LaTeX Font Info:    Redeclaring math symbol \hbar on input line 98.
LaTeX Font Info:    Overwriting math alphabet `\mathfrak' in version `bold'
(Font)                  U/euf/m/n --> U/euf/b/n on input line 106.
)) (c:/Users/hp/AppData/Roaming/TinyTeX/texmf-dist/tex/generic/iftex/iftex.sty
Package: iftex 2024/12/12 v1.0g TeX engine tests
) (c:/Users/hp/AppData/Roaming/TinyTeX/texmf-dist/tex/latex/unicode-math/unicode-math.sty (c:/Users/hp/AppData/Roaming/TinyTeX/texmf-dist/tex/latex/l3kernel/expl3.sty
Package: expl3 2026-03-20 L3 programming layer (loader) 
(c:/Users/hp/AppData/Roaming/TinyTeX/texmf-dist/tex/latex/l3backend/l3backend-xetex.def
File: l3backend-xetex.def 2026-02-18 L3 backend support: XeTeX
\g__graphics_track_int=\count291
\g__pdfannot_backend_int=\count292
\g__pdfannot_backend_link_int=\count293
))
Package: unicode-math 2023/08/13 v0.8r Unicode maths in XeLaTeX and LuaLaTeX
(c:/Users/hp/AppData/Roaming/TinyTeX/texmf-dist/tex/latex/unicode-math/unicode-math-xetex.sty
Package: unicode-math-xetex 2023/08/13 v0.8r Unicode maths in XeLaTeX and LuaLaTeX
(c:/Users/hp/AppData/Roaming/TinyTeX/texmf-dist/tex/latex/l3packages/xparse/xparse.sty
Package: xparse 2025-10-09 L3 Experimental document command parser
) (c:/Users/hp/AppData/Roaming/TinyTeX/texmf-dist/tex/latex/l3packages/l3keys2e/l3keys2e.sty
Package: l3keys2e 2025-10-09 LaTeX2e option processing using LaTeX3 keys
) (c:/Users/hp/AppData/Roaming/TinyTeX/texmf-dist/tex/latex/fontspec/fontspec.sty
Package: fontspec 2025/09/29 v2.9g Font selection for XeLaTeX and LuaLaTeX
(c:/Users/hp/AppData/Roaming/TinyTeX/texmf-dist/tex/latex/fontspec/fontspec-xetex.sty
Package: fontspec-xetex 2025/09/29 v2.9g Font selection for XeLaTeX and LuaLaTeX
\l__fontspec_script_int=\count294
\l__fontspec_language_int=\count295
\l__fontspec_strnum_int=\count296
\l__fontspec_tmp_int=\count297
\l__fontspec_tmpa_int=\count298
\l__fontspec_tmpb_int=\count299
\l__fontspec_tmpc_int=\count300
\l__fontspec_em_int=\count301
\l__fontspec_emdef_int=\count302
\l__fontspec_strong_int=\count303
\l__fontspec_strongdef_int=\count304
\l__fontspec_tmpa_dim=\dimen160
\l__fontspec_tmpb_dim=\dimen161
\l__fontspec_tmpc_dim=\dimen162
(c:/Users/hp/AppData/Roaming/TinyTeX/texmf-dist/tex/latex/base/fontenc.sty
Package: fontenc 2025/07/18 v2.1d Standard LaTeX package
) (c:/Users/hp/AppData/Roaming/TinyTeX/texmf-dist/tex/latex/fontspec/fontspec.cfg))) (c:/Users/hp/AppData/Roaming/TinyTeX/texmf-dist/tex/latex/base/fix-cm.sty
Package: fix-cm 2020/11/24 v1.1t fixes to LaTeX
(c:/Users/hp/AppData/Roaming/TinyTeX/texmf-dist/tex/latex/base/ts1enc.def
File: ts1enc.def 2001/06/05 v3.0e (jk/car/fm) Standard LaTeX file
LaTeX Font Info:    Redeclaring font encoding TS1 on input line 47.
LaTeX Encoding Info:    Redeclaring text command \capitalcedilla (encoding TS1) on input line 49.
LaTeX Encoding Info:    Redeclaring text command \capitalogonek (encoding TS1) on input line 52.
LaTeX Encoding Info:    Redeclaring text command \capitalgrave (encoding TS1) on input line 55.
LaTeX Encoding Info:    Redeclaring text command \capitalacute (encoding TS1) on input line 56.
LaTeX Encoding Info:    Redeclaring text command \capitalcircumflex (encoding TS1) on input line 57.
LaTeX Encoding Info:    Redeclaring text command \capitaltilde (encoding TS1) on input line 58.
LaTeX Encoding Info:    Redeclaring text command \capitaldieresis (encoding TS1) on input line 59.
LaTeX Encoding Info:    Redeclaring text command \capitalhungarumlaut (encoding TS1) on input line 60.
LaTeX Encoding Info:    Redeclaring text command \capitalring (encoding TS1) on input line 61.
LaTeX Encoding Info:    Redeclaring text command \capitalcaron (encoding TS1) on input line 62.
LaTeX Encoding Info:    Redeclaring text command \capitalbreve (encoding TS1) on input line 63.
LaTeX Encoding Info:    Redeclaring text command \capitalmacron (encoding TS1) on input line 64.
LaTeX Encoding Info:    Redeclaring text command \capitaldotaccent (encoding TS1) on input line 65.
LaTeX Encoding Info:    Redeclaring text command \t (encoding TS1) on input line 66.
LaTeX Encoding Info:    Redeclaring text command \capitaltie (encoding TS1) on input line 67.
LaTeX Encoding Info:    Redeclaring text command \newtie (encoding TS1) on input line 68.
LaTeX Encoding Info:    Redeclaring text command \capitalnewtie (encoding TS1) on input line 69.
LaTeX Encoding Info:    Redeclaring text symbol \textcapitalcompwordmark (encoding TS1) on input line 70.
LaTeX Encoding Info:    Redeclaring text symbol \textascendercompwordmark (encoding TS1) on input line 71.
LaTeX Encoding Info:    Redeclaring text symbol \textquotestraightbase (encoding TS1) on input line 72.
LaTeX Encoding Info:    Redeclaring text symbol \textquotestraightdblbase (encoding TS1) on input line 73.
LaTeX Encoding Info:    Redeclaring text symbol \texttwelveudash (encoding TS1) on input line 74.
LaTeX Encoding Info:    Redeclaring text symbol \textthreequartersemdash (encoding TS1) on input line 75.
LaTeX Encoding Info:    Redeclaring text symbol \textleftarrow (encoding TS1) on input line 76.
LaTeX Encoding Info:    Redeclaring text symbol \textrightarrow (encoding TS1) on input line 77.
LaTeX Encoding Info:    Redeclaring text symbol \textblank (encoding TS1) on input line 78.
LaTeX Encoding Info:    Redeclaring text symbol \textdollar (encoding TS1) on input line 79.
LaTeX Encoding Info:    Redeclaring text symbol \textquotesingle (encoding TS1) on input line 80.
LaTeX Encoding Info:    Redeclaring text command \textasteriskcentered (encoding TS1) on input line 81.
LaTeX Encoding Info:    Redeclaring text symbol \textdblhyphen (encoding TS1) on input line 92.
LaTeX Encoding Info:    Redeclaring text symbol \textfractionsolidus (encoding TS1) on input line 93.
LaTeX Encoding Info:    Redeclaring text symbol \textzerooldstyle (encoding TS1) on input line 94.
LaTeX Encoding Info:    Redeclaring text symbol \textoneoldstyle (encoding TS1) on input line 95.
LaTeX Encoding Info:    Redeclaring text symbol \texttwooldstyle (encoding TS1) on input line 96.
LaTeX Encoding Info:    Redeclaring text symbol \textthreeoldstyle (encoding TS1) on input line 97.
LaTeX Encoding Info:    Redeclaring text symbol \textfouroldstyle (encoding TS1) on input line 98.
LaTeX Encoding Info:    Redeclaring text symbol \textfiveoldstyle (encoding TS1) on input line 99.
LaTeX Encoding Info:    Redeclaring text symbol \textsixoldstyle (encoding TS1) on input line 100.
LaTeX Encoding Info:    Redeclaring text symbol \textsevenoldstyle (encoding TS1) on input line 101.
LaTeX Encoding Info:    Redeclaring text symbol \texteightoldstyle (encoding TS1) on input line 102.
LaTeX Encoding Info:    Redeclaring text symbol \textnineoldstyle (encoding TS1) on input line 103.
LaTeX Encoding Info:    Redeclaring text symbol \textlangle (encoding TS1) on input line 104.
LaTeX Encoding Info:    Redeclaring text symbol \textminus (encoding TS1) on input line 105.
LaTeX Encoding Info:    Redeclaring text symbol \textrangle (encoding TS1) on input line 106.
LaTeX Encoding Info:    Redeclaring text symbol \textmho (encoding TS1) on input line 107.
LaTeX Encoding Info:    Redeclaring text symbol \textbigcircle (encoding TS1) on input line 108.
LaTeX Encoding Info:    Redeclaring text command \textcircled (encoding TS1) on input line 109.
LaTeX Encoding Info:    Redeclaring text symbol \textohm (encoding TS1) on input line 115.
LaTeX Encoding Info:    Redeclaring text symbol \textlbrackdbl (encoding TS1) on input line 116.
LaTeX Encoding Info:    Redeclaring text symbol \textrbrackdbl (encoding TS1) on input line 117.
LaTeX Encoding Info:    Redeclaring text symbol \textuparrow (encoding TS1) on input line 118.
LaTeX Encoding Info:    Redeclaring text symbol \textdownarrow (encoding TS1) on input line 119.
LaTeX Encoding Info:    Redeclaring text symbol \textasciigrave (encoding TS1) on input line 120.
LaTeX Encoding Info:    Redeclaring text symbol \textborn (encoding TS1) on input line 121.
LaTeX Encoding Info:    Redeclaring text symbol \textdivorced (encoding TS1) on input line 122.
LaTeX Encoding Info:    Redeclaring text symbol \textdied (encoding TS1) on input line 123.
LaTeX Encoding Info:    Redeclaring text symbol \textleaf (encoding TS1) on input line 124.
LaTeX Encoding Info:    Redeclaring text symbol \textmarried (encoding TS1) on input line 125.
LaTeX Encoding Info:    Redeclaring text symbol \textmusicalnote (encoding TS1) on input line 126.
LaTeX Encoding Info:    Redeclaring text symbol \texttildelow (encoding TS1) on input line 127.
LaTeX Encoding Info:    Redeclaring text symbol \textdblhyphenchar (encoding TS1) on input line 128.
LaTeX Encoding Info:    Redeclaring text symbol \textasciibreve (encoding TS1) on input line 129.
LaTeX Encoding Info:    Redeclaring text symbol \textasciicaron (encoding TS1) on input line 130.
LaTeX Encoding Info:    Redeclaring text symbol \textacutedbl (encoding TS1) on input line 131.
LaTeX Encoding Info:    Redeclaring text symbol \textgravedbl (encoding TS1) on input line 132.
LaTeX Encoding Info:    Redeclaring text symbol \textdagger (encoding TS1) on input line 133.
LaTeX Encoding Info:    Redeclaring text symbol \textdaggerdbl (encoding TS1) on input line 134.
LaTeX Encoding Info:    Redeclaring text symbol \textbardbl (encoding TS1) on input line 135.
LaTeX Encoding Info:    Redeclaring text symbol \textperthousand (encoding TS1) on input line 136.
LaTeX Encoding Info:    Redeclaring text symbol \textbullet (encoding TS1) on input line 137.
LaTeX Encoding Info:    Redeclaring text symbol \textcelsius (encoding TS1) on input line 138.
LaTeX Encoding Info:    Redeclaring text symbol \textdollaroldstyle (encoding TS1) on input line 139.
LaTeX Encoding Info:    Redeclaring text symbol \textcentoldstyle (encoding TS1) on input line 140.
LaTeX Encoding Info:    Redeclaring text symbol \textflorin (encoding TS1) on input line 141.
LaTeX Encoding Info:    Redeclaring text symbol \textcolonmonetary (encoding TS1) on input line 142.
LaTeX Encoding Info:    Redeclaring text symbol \textwon (encoding TS1) on input line 143.
LaTeX Encoding Info:    Redeclaring text symbol \textnaira (encoding TS1) on input line 144.
LaTeX Encoding Info:    Redeclaring text symbol \textguarani (encoding TS1) on input line 145.
LaTeX Encoding Info:    Redeclaring text symbol \textpeso (encoding TS1) on input line 146.
LaTeX Encoding Info:    Redeclaring text symbol \textlira (encoding TS1) on input line 147.
LaTeX Encoding Info:    Redeclaring text symbol \textrecipe (encoding TS1) on input line 148.
LaTeX Encoding Info:    Redeclaring text symbol \textinterrobang (encoding TS1) on input line 149.
LaTeX Encoding Info:    Redeclaring text symbol \textinterrobangdown (encoding TS1) on input line 150.
LaTeX Encoding Info:    Redeclaring text symbol \textdong (encoding TS1) on input line 151.
LaTeX Encoding Info:    Redeclaring text symbol \texttrademark (encoding TS1) on input line 152.
LaTeX Encoding Info:    Redeclaring text symbol \textpertenthousand (encoding TS1) on input line 153.
LaTeX Encoding Info:    Redeclaring text symbol \textpilcrow (encoding TS1) on input line 154.
LaTeX Encoding Info:    Redeclaring text symbol \textbaht (encoding TS1) on input line 155.
LaTeX Encoding Info:    Redeclaring text symbol \textnumero (encoding TS1) on input line 156.
LaTeX Encoding Info:    Redeclaring text symbol \textdiscount (encoding TS1) on input line 157.
LaTeX Encoding Info:    Redeclaring text symbol \textestimated (encoding TS1) on input line 158.
LaTeX Encoding Info:    Redeclaring text symbol \textopenbullet (encoding TS1) on input line 159.
LaTeX Encoding Info:    Redeclaring text symbol \textservicemark (encoding TS1) on input line 160.
LaTeX Encoding Info:    Redeclaring text symbol \textlquill (encoding TS1) on input line 161.
LaTeX Encoding Info:    Redeclaring text symbol \textrquill (encoding TS1) on input line 162.
LaTeX Encoding Info:    Redeclaring text symbol \textcent (encoding TS1) on input line 163.
LaTeX Encoding Info:    Redeclaring text symbol \textsterling (encoding TS1) on input line 164.
LaTeX Encoding Info:    Redeclaring text symbol \textcurrency (encoding TS1) on input line 165.
LaTeX Encoding Info:    Redeclaring text symbol \textyen (encoding TS1) on input line 166.
LaTeX Encoding Info:    Redeclaring text symbol \textbrokenbar (encoding TS1) on input line 167.
LaTeX Encoding Info:    Redeclaring text symbol \textsection (encoding TS1) on input line 168.
LaTeX Encoding Info:    Redeclaring text symbol \textasciidieresis (encoding TS1) on input line 169.
LaTeX Encoding Info:    Redeclaring text symbol \textcopyright (encoding TS1) on input line 170.
LaTeX Encoding Info:    Redeclaring text symbol \textordfeminine (encoding TS1) on input line 171.
LaTeX Encoding Info:    Redeclaring text symbol \textcopyleft (encoding TS1) on input line 172.
LaTeX Encoding Info:    Redeclaring text symbol \textlnot (encoding TS1) on input line 173.
LaTeX Encoding Info:    Redeclaring text symbol \textcircledP (encoding TS1) on input line 174.
LaTeX Encoding Info:    Redeclaring text symbol \textregistered (encoding TS1) on input line 175.
LaTeX Encoding Info:    Redeclaring text symbol \textasciimacron (encoding TS1) on input line 176.
LaTeX Encoding Info:    Redeclaring text symbol \textdegree (encoding TS1) on input line 177.
LaTeX Encoding Info:    Redeclaring text symbol \textpm (encoding TS1) on input line 178.
LaTeX Encoding Info:    Redeclaring text symbol \texttwosuperior (encoding TS1) on input line 179.
LaTeX Encoding Info:    Redeclaring text symbol \textthreesuperior (encoding TS1) on input line 180.
LaTeX Encoding Info:    Redeclaring text symbol \textasciiacute (encoding TS1) on input line 181.
LaTeX Encoding Info:    Redeclaring text symbol \textmu (encoding TS1) on input line 182.
LaTeX Encoding Info:    Redeclaring text symbol \textparagraph (encoding TS1) on input line 183.
LaTeX Encoding Info:    Redeclaring text symbol \textperiodcentered (encoding TS1) on input line 184.
LaTeX Encoding Info:    Redeclaring text symbol \textreferencemark (encoding TS1) on input line 185.
LaTeX Encoding Info:    Redeclaring text symbol \textonesuperior (encoding TS1) on input line 186.
LaTeX Encoding Info:    Redeclaring text symbol \textordmasculine (encoding TS1) on input line 187.
LaTeX Encoding Info:    Redeclaring text symbol \textsurd (encoding TS1) on input line 188.
LaTeX Encoding Info:    Redeclaring text symbol \textonequarter (encoding TS1) on input line 189.
LaTeX Encoding Info:    Redeclaring text symbol \textonehalf (encoding TS1) on input line 190.
LaTeX Encoding Info:    Redeclaring text symbol \textthreequarters (encoding TS1) on input line 191.
LaTeX Encoding Info:    Redeclaring text symbol \texteuro (encoding TS1) on input line 192.
LaTeX Encoding Info:    Redeclaring text symbol \texttimes (encoding TS1) on input line 193.
LaTeX Encoding Info:    Redeclaring text symbol \textdiv (encoding TS1) on input line 194.
))
\g__um_fam_int=\count305
\g__um_fonts_used_int=\count306
\l__um_primecount_int=\count307
\g__um_primekern_muskip=\muskip18
(c:/Users/hp/AppData/Roaming/TinyTeX/texmf-dist/tex/latex/unicode-math/unicode-math-table.tex))) (c:/Users/hp/AppData/Roaming/TinyTeX/texmf-dist/tex/latex/lm/lmodern.sty
Package: lmodern 2015/05/01 v1.6.1 Latin Modern Fonts
LaTeX Font Info:    Overwriting symbol font `operators' in version `normal'
(Font)                  OT1/cmr/m/n --> OT1/lmr/m/n on input line 22.
LaTeX Font Info:    Overwriting symbol font `letters' in version `normal'
(Font)                  OML/cmm/m/it --> OML/lmm/m/it on input line 23.
LaTeX Font Info:    Overwriting symbol font `symbols' in version `normal'
(Font)                  OMS/cmsy/m/n --> OMS/lmsy/m/n on input line 24.
LaTeX Font Info:    Overwriting symbol font `largesymbols' in version `normal'
(Font)                  OMX/cmex/m/n --> OMX/lmex/m/n on input line 25.
LaTeX Font Info:    Overwriting symbol font `operators' in version `bold'
(Font)                  OT1/cmr/bx/n --> OT1/lmr/bx/n on input line 26.
LaTeX Font Info:    Overwriting symbol font `letters' in version `bold'
(Font)                  OML/cmm/b/it --> OML/lmm/b/it on input line 27.
LaTeX Font Info:    Overwriting symbol font `symbols' in version `bold'
(Font)                  OMS/cmsy/b/n --> OMS/lmsy/b/n on input line 28.
LaTeX Font Info:    Overwriting symbol font `largesymbols' in version `bold'
(Font)                  OMX/cmex/m/n --> OMX/lmex/m/n on input line 29.
LaTeX Font Info:    Overwriting math alphabet `\mathbf' in version `normal'
(Font)                  OT1/cmr/bx/n --> OT1/lmr/bx/n on input line 31.
LaTeX Font Info:    Overwriting math alphabet `\mathsf' in version `normal'
(Font)                  OT1/cmss/m/n --> OT1/lmss/m/n on input line 32.
LaTeX Font Info:    Overwriting math alphabet `\mathit' in version `normal'
(Font)                  OT1/cmr/m/it --> OT1/lmr/m/it on input line 33.
LaTeX Font Info:    Overwriting math alphabet `\mathtt' in version `normal'
(Font)                  OT1/cmtt/m/n --> OT1/lmtt/m/n on input line 34.
LaTeX Font Info:    Overwriting math alphabet `\mathbf' in version `bold'
(Font)                  OT1/cmr/bx/n --> OT1/lmr/bx/n on input line 35.
LaTeX Font Info:    Overwriting math alphabet `\mathsf' in version `bold'
(Font)                  OT1/cmss/bx/n --> OT1/lmss/bx/n on input line 36.
LaTeX Font Info:    Overwriting math alphabet `\mathit' in version `bold'
(Font)                  OT1/cmr/bx/it --> OT1/lmr/bx/it on input line 37.
LaTeX Font Info:    Overwriting math alphabet `\mathtt' in version `bold'
(Font)                  OT1/cmtt/m/n --> OT1/lmtt/m/n on input line 38.
) (c:/Users/hp/AppData/Roaming/TinyTeX/texmf-dist/tex/latex/microtype/microtype.sty
Package: microtype 2026/03/01 v3.2d Micro-typographical refinements (RS)
(c:/Users/hp/AppData/Roaming/TinyTeX/texmf-dist/tex/latex/graphics/keyval.sty
Package: keyval 2022/05/29 v1.15 key=value parser (DPC)
\KV@toks@=\toks22
) (c:/Users/hp/AppData/Roaming/TinyTeX/texmf-dist/tex/latex/etoolbox/etoolbox.sty
Package: etoolbox 2025/10/02 v2.5m e-TeX tools for LaTeX (JAW)
\etb@tempcnta=\count308
)
\MT@toks=\toks23
\MT@tempbox=\box55
\MT@count=\count309
LaTeX Info: Redefining \noprotrusionifhmode on input line 1084.
LaTeX Info: Redefining \leftprotrusion on input line 1085.
\MT@prot@toks=\toks24
LaTeX Info: Redefining \rightprotrusion on input line 1104.
LaTeX Info: Redefining \textls on input line 1449.
\MT@outer@kern=\dimen163
LaTeX Info: Redefining \microtypecontext on input line 2053.
LaTeX Info: Redefining \textmicrotypecontext on input line 2070.
\MT@listname@count=\count310
(c:/Users/hp/AppData/Roaming/TinyTeX/texmf-dist/tex/latex/microtype/microtype-xetex.def
File: microtype-xetex.def 2026/03/01 v3.2d Definitions specific to xetex (RS)
LaTeX Info: Redefining \lsstyle on input line 443.
LaTeX Info: Redefining \lslig on input line 451.
\MT@outer@space=\skip54
)
Package microtype Info: Loading configuration file microtype.cfg.
(c:/Users/hp/AppData/Roaming/TinyTeX/texmf-dist/tex/latex/microtype/microtype.cfg
File: microtype.cfg 2026/03/01 v3.2d microtype main configuration file (RS)
)
LaTeX Info: Redefining \microtypesetup on input line 3065.
) (c:/Users/hp/AppData/Roaming/TinyTeX/texmf-dist/tex/latex/parskip/parskip.sty
Package: parskip 2021-03-14 v2.0h non-zero parskip adjustments
(c:/Users/hp/AppData/Roaming/TinyTeX/texmf-dist/tex/latex/kvoptions/kvoptions.sty
Package: kvoptions 2022-06-15 v3.15 Key value format for package options (HO)
(c:/Users/hp/AppData/Roaming/TinyTeX/texmf-dist/tex/generic/ltxcmds/ltxcmds.sty
Package: ltxcmds 2023-12-04 v1.26 LaTeX kernel commands for general use (HO)
) (c:/Users/hp/AppData/Roaming/TinyTeX/texmf-dist/tex/latex/kvsetkeys/kvsetkeys.sty
Package: kvsetkeys 2022-10-05 v1.19 Key value parser (HO)
))) (c:/Users/hp/AppData/Roaming/TinyTeX/texmf-dist/tex/latex/fancyvrb/fancyvrb.sty
Package: fancyvrb 2025/07/28 4.6 verbatim text (tvz,hv)
\FV@CodeLineNo=\count311
\FV@InFile=\read2
\FV@TabBox=\box56
\c@FancyVerbLine=\count312
\FV@StepNumber=\count313
\FV@OutFile=\write3
) (c:/Users/hp/AppData/Roaming/TinyTeX/texmf-dist/tex/latex/framed/framed.sty
Package: framed 2011/10/22 v 0.96: framed or shaded text with page breaks
\OuterFrameSep=\skip55
\fb@frw=\dimen164
\fb@frh=\dimen165
\FrameRule=\dimen166
\FrameSep=\dimen167
) (c:/Users/hp/AppData/Roaming/TinyTeX/texmf-dist/tex/latex/graphics/graphicx.sty
Package: graphicx 2024/12/31 v1.2e Enhanced LaTeX Graphics (DPC,SPQR)
(c:/Users/hp/AppData/Roaming/TinyTeX/texmf-dist/tex/latex/graphics/graphics.sty
Package: graphics 2024/08/06 v1.4g Standard LaTeX Graphics (DPC,SPQR)
(c:/Users/hp/AppData/Roaming/TinyTeX/texmf-dist/tex/latex/graphics/trig.sty
Package: trig 2023/12/02 v1.11 sin cos tan (DPC)
) (c:/Users/hp/AppData/Roaming/TinyTeX/texmf-dist/tex/latex/graphics-cfg/graphics.cfg
File: graphics.cfg 2016/06/04 v1.11 sample graphics configuration
)
Package graphics Info: Driver file: xetex.def on input line 106.
)
\Gin@req@height=\dimen168
\Gin@req@width=\dimen169
)
\pandoc@box=\box57
(c:/Users/hp/AppData/Roaming/TinyTeX/texmf-dist/tex/latex/multirow/multirow.sty
Package: multirow 2024/11/12 v2.9 Span multiple rows of a table
\multirow@colwidth=\skip56
\multirow@cntb=\count314
\multirow@dima=\skip57
\bigstrutjot=\dimen170
) (c:/Users/hp/AppData/Roaming/TinyTeX/texmf-dist/tex/latex/tools/array.sty
Package: array 2025/09/25 v2.6n Tabular extension package (FMi)
\col@sep=\dimen171
\ar@mcellbox=\box58
\extrarowheight=\dimen172
\NC@list=\toks25
\extratabsurround=\skip58
\backup@length=\skip59
\ar@cellbox=\box59
) (c:/Users/hp/AppData/Roaming/TinyTeX/texmf-dist/tex/latex/fancyhdr/fancyhdr.sty
Package: fancyhdr 2025/02/07 v5.2 Extensive control of page headers and footers
\f@nch@headwidth=\skip60
\f@nch@offset@elh=\skip61
\f@nch@offset@erh=\skip62
\f@nch@offset@olh=\skip63
\f@nch@offset@orh=\skip64
\f@nch@offset@elf=\skip65
\f@nch@offset@erf=\skip66
\f@nch@offset@olf=\skip67
\f@nch@offset@orf=\skip68
\f@nch@height=\skip69
\f@nch@footalignment=\skip70
\f@nch@widthL=\skip71
\f@nch@widthC=\skip72
\f@nch@widthR=\skip73
\@temptokenb=\toks26
) (c:/Users/hp/AppData/Roaming/TinyTeX/texmf-dist/tex/latex/base/fontenc.sty
Package: fontenc 2025/07/18 v2.1d Standard LaTeX package
LaTeX Font Info:    Trying to load font information for T1+lmr on input line 116.
(c:/Users/hp/AppData/Roaming/TinyTeX/texmf-dist/tex/latex/lm/t1lmr.fd
File: t1lmr.fd 2015/05/01 v1.6.1 Font defs for Latin Modern
)) (c:/Users/hp/AppData/Roaming/TinyTeX/texmf-dist/tex/latex/base/inputenc.sty
Package: inputenc 2024/02/08 v1.3d Input encoding file
\inpenc@prehook=\toks27
\inpenc@posthook=\toks28

Package inputenc Warning: inputenc package ignored with utf8 based engines.

) (c:/Users/hp/AppData/Roaming/TinyTeX/texmf-dist/tex/latex/base/textcomp.sty
Package: textcomp 2024/04/24 v2.1b Standard LaTeX package
) (c:/Users/hp/AppData/Roaming/TinyTeX/texmf-dist/tex/latex/psnfss/mathptmx.sty
Package: mathptmx 2020/03/25 PSNFSS-v9.3 Times w/ Math, improved (SPQR, WaS) 
LaTeX Font Info:    Redeclaring symbol font `operators' on input line 28.
LaTeX Font Info:    Overwriting symbol font `operators' in version `normal'
(Font)                  OT1/lmr/m/n --> OT1/ztmcm/m/n on input line 28.
LaTeX Font Info:    Overwriting symbol font `operators' in version `bold'
(Font)                  OT1/lmr/bx/n --> OT1/ztmcm/m/n on input line 28.
LaTeX Font Info:    Redeclaring symbol font `letters' on input line 29.
LaTeX Font Info:    Overwriting symbol font `letters' in version `normal'
(Font)                  OML/lmm/m/it --> OML/ztmcm/m/it on input line 29.
LaTeX Font Info:    Overwriting symbol font `letters' in version `bold'
(Font)                  OML/lmm/b/it --> OML/ztmcm/m/it on input line 29.
LaTeX Font Info:    Redeclaring symbol font `symbols' on input line 30.
LaTeX Font Info:    Overwriting symbol font `symbols' in version `normal'
(Font)                  OMS/lmsy/m/n --> OMS/ztmcm/m/n on input line 30.
LaTeX Font Info:    Overwriting symbol font `symbols' in version `bold'
(Font)                  OMS/lmsy/b/n --> OMS/ztmcm/m/n on input line 30.
LaTeX Font Info:    Redeclaring symbol font `largesymbols' on input line 31.
LaTeX Font Info:    Overwriting symbol font `largesymbols' in version `normal'
(Font)                  OMX/lmex/m/n --> OMX/ztmcm/m/n on input line 31.
LaTeX Font Info:    Overwriting symbol font `largesymbols' in version `bold'
(Font)                  OMX/lmex/m/n --> OMX/ztmcm/m/n on input line 31.
\symbold=\mathgroup6
\symitalic=\mathgroup7
LaTeX Font Info:    Redeclaring math alphabet \mathbf on input line 34.
LaTeX Font Info:    Overwriting math alphabet `\mathbf' in version `normal'
(Font)                  OT1/lmr/bx/n --> OT1/ptm/bx/n on input line 34.
LaTeX Font Info:    Overwriting math alphabet `\mathbf' in version `bold'
(Font)                  OT1/lmr/bx/n --> OT1/ptm/bx/n on input line 34.
LaTeX Font Info:    Redeclaring math alphabet \mathit on input line 35.
LaTeX Font Info:    Overwriting math alphabet `\mathit' in version `normal'
(Font)                  OT1/lmr/m/it --> OT1/ptm/m/it on input line 35.
LaTeX Font Info:    Overwriting math alphabet `\mathit' in version `bold'
(Font)                  OT1/lmr/bx/it --> OT1/ptm/m/it on input line 35.
LaTeX Info: Redefining \hbar on input line 50.
) (c:/Users/hp/AppData/Roaming/TinyTeX/texmf-dist/tex/latex/geometry/geometry.sty
Package: geometry 2026/03/07 v6.0 Page Geometry
(c:/Users/hp/AppData/Roaming/TinyTeX/texmf-dist/tex/generic/iftex/ifvtex.sty
Package: ifvtex 2019/10/25 v1.7 ifvtex legacy package. Use iftex instead.
)
\Gm@cnth=\count315
\Gm@cntv=\count316
\c@Gm@tempcnt=\count317
\Gm@bindingoffset=\dimen173
\Gm@wd@mp=\dimen174
\Gm@odd@mp=\dimen175
\Gm@even@mp=\dimen176
\Gm@layoutwidth=\dimen177
\Gm@layoutheight=\dimen178
\Gm@layouthoffset=\dimen179
\Gm@layoutvoffset=\dimen180
\Gm@dimlist=\toks29
) (c:/Users/hp/AppData/Roaming/TinyTeX/texmf-dist/tex/latex/tools/longtable.sty
Package: longtable 2025-10-13 v4.24 Multi-page Table package (DPC)
\LTleft=\skip74
\LTright=\skip75
\LTpre=\skip76
\LTpost=\skip77
\LTchunksize=\count318
\LTcapwidth=\dimen181
\LT@head=\box60
\LT@firsthead=\box61
\LT@foot=\box62
\LT@lastfoot=\box63
\LT@gbox=\box64
\LT@cols=\count319
\LT@rows=\count320
\c@LT@tables=\count321
\c@LT@chunks=\count322
\LT@p@ftn=\toks30
) (c:/Users/hp/AppData/Roaming/TinyTeX/texmf-dist/tex/latex/booktabs/booktabs.sty
Package: booktabs 2020/01/12 v1.61803398 Publication quality tables
\heavyrulewidth=\dimen182
\lightrulewidth=\dimen183
\cmidrulewidth=\dimen184
\belowrulesep=\dimen185
\belowbottomsep=\dimen186
\aboverulesep=\dimen187
\abovetopsep=\dimen188
\cmidrulesep=\dimen189
\cmidrulekern=\dimen190
\defaultaddspace=\dimen191
\@cmidla=\count323
\@cmidlb=\count324
\@aboverulesep=\dimen192
\@belowrulesep=\dimen193
\@thisruleclass=\count325
\@lastruleclass=\count326
\@thisrulewidth=\dimen194
) (c:/Users/hp/AppData/Roaming/TinyTeX/texmf-dist/tex/latex/tools/calc.sty
Package: calc 2025/03/01 v4.3b Infix arithmetic (KKT,FJ)
\calc@Acount=\count327
\calc@Bcount=\count328
\calc@Adimen=\dimen195
\calc@Bdimen=\dimen196
\calc@Askip=\skip78
\calc@Bskip=\skip79
LaTeX Info: Redefining \setlength on input line 86.
LaTeX Info: Redefining \addtolength on input line 87.
\calc@Ccount=\count329
\calc@Cskip=\skip80
) (c:/Users/hp/AppData/Roaming/TinyTeX/texmf-dist/tex/latex/mdwtools/footnote.sty
Package: footnote 1997/01/28 1.13 Save footnotes around boxes
\fn@notes=\box65
\fn@width=\dimen197
) (c:/Users/hp/AppData/Roaming/TinyTeX/texmf-dist/tex/latex/pdfpages/pdfpages.sty
Package: pdfpages 2026/03/30 v0.6h Insert pages of external PDF documents (AM)
(c:/Users/hp/AppData/Roaming/TinyTeX/texmf-dist/tex/latex/base/ifthen.sty
Package: ifthen 2024/03/16 v1.1e Standard LaTeX ifthen package (DPC)
) (c:/Users/hp/AppData/Roaming/TinyTeX/texmf-dist/tex/latex/eso-pic/eso-pic.sty
Package: eso-pic 2025/12/10 v3.0d eso-pic (RN)
\ESO@tempdima=\dimen198
\ESO@tempdimb=\dimen199
)
\AM@pagewidth=\dimen256
\AM@pageheight=\dimen257
\AM@fboxrule=\dimen258
(c:/Users/hp/AppData/Roaming/TinyTeX/texmf-dist/tex/latex/pdfpages/ppxetex.def
File: ppxetex.def 2026/03/30 v0.6h Pdfpages driver for XeTeX (AM)
)
\pdfpages@includegraphics@status=\count330
\AM@pagebox=\box66
\AM@global@opts=\toks31
\AM@pagecnt=\count331
\AM@toc@title=\toks32
\AM@lof@heading=\toks33
\c@AM@survey=\count332
\AM@templatesizebox=\box67
) (c:/Users/hp/AppData/Roaming/TinyTeX/texmf-dist/tex/latex/enumitem/enumitem.sty
Package: enumitem 2025/02/06 v3.11 Customized lists
\labelindent=\skip81
\enit@outerparindent=\dimen259
\enit@toks=\toks34
\enit@inbox=\box68
\enit@count@id=\count333
\enitdp@description=\count334
) (c:/Users/hp/AppData/Roaming/TinyTeX/texmf-dist/tex/latex/hyperref/hyperref.sty
Package: hyperref 2026-01-29 v7.01p Hypertext links for LaTeX
(c:/Users/hp/AppData/Roaming/TinyTeX/texmf-dist/tex/generic/kvdefinekeys/kvdefinekeys.sty
Package: kvdefinekeys 2019-12-19 v1.6 Define keys (HO)
) (c:/Users/hp/AppData/Roaming/TinyTeX/texmf-dist/tex/generic/pdfescape/pdfescape.sty
Package: pdfescape 2019/12/09 v1.15 Implements pdfTeX's escape features (HO)
(c:/Users/hp/AppData/Roaming/TinyTeX/texmf-dist/tex/generic/pdftexcmds/pdftexcmds.sty
Package: pdftexcmds 2020-06-27 v0.33 Utility functions of pdfTeX for LuaTeX (HO)
(c:/Users/hp/AppData/Roaming/TinyTeX/texmf-dist/tex/generic/infwarerr/infwarerr.sty
Package: infwarerr 2019/12/03 v1.5 Providing info/warning/error messages (HO)
)
Package pdftexcmds Info: \pdf@primitive is available.
Package pdftexcmds Info: \pdf@ifprimitive is available.
Package pdftexcmds Info: \pdfdraftmode not found.
)) (c:/Users/hp/AppData/Roaming/TinyTeX/texmf-dist/tex/latex/hycolor/hycolor.sty
Package: hycolor 2020-01-27 v1.10 Color options for hyperref/bookmark (HO)
) (c:/Users/hp/AppData/Roaming/TinyTeX/texmf-dist/tex/latex/hyperref/nameref.sty
Package: nameref 2026-01-29 v2.58 Cross-referencing by name of section
(c:/Users/hp/AppData/Roaming/TinyTeX/texmf-dist/tex/latex/refcount/refcount.sty
Package: refcount 2019/12/15 v3.6 Data extraction from label references (HO)
) (c:/Users/hp/AppData/Roaming/TinyTeX/texmf-dist/tex/generic/gettitlestring/gettitlestring.sty
Package: gettitlestring 2019/12/15 v1.6 Cleanup title references (HO)
)
\c@section@level=\count335
) (c:/Users/hp/AppData/Roaming/TinyTeX/texmf-dist/tex/generic/stringenc/stringenc.sty
Package: stringenc 2019/11/29 v1.12 Convert strings between diff. encodings (HO)
)
\@linkdim=\dimen260
\Hy@linkcounter=\count336
\Hy@pagecounter=\count337
(c:/Users/hp/AppData/Roaming/TinyTeX/texmf-dist/tex/latex/hyperref/pd1enc.def
File: pd1enc.def 2026-01-29 v7.01p Hyperref: PDFDocEncoding definition (HO)
) (c:/Users/hp/AppData/Roaming/TinyTeX/texmf-dist/tex/generic/intcalc/intcalc.sty
Package: intcalc 2019/12/15 v1.3 Expandable calculations with integers (HO)
)
\Hy@SavedSpaceFactor=\count338
(c:/Users/hp/AppData/Roaming/TinyTeX/texmf-dist/tex/latex/hyperref/puenc.def
File: puenc.def 2026-01-29 v7.01p Hyperref: PDF Unicode definition (HO)
)
Package hyperref Info: Option `unicode' set `true' on input line 4072.
Package hyperref Info: Hyper figures OFF on input line 4201.
Package hyperref Info: Link nesting OFF on input line 4206.
Package hyperref Info: Hyper index ON on input line 4209.
Package hyperref Info: Plain pages OFF on input line 4216.
Package hyperref Info: Backreferencing OFF on input line 4221.
Package hyperref Info: Implicit mode ON; LaTeX internals redefined.
Package hyperref Info: Bookmarks ON on input line 4468.
\c@Hy@tempcnt=\count339
(c:/Users/hp/AppData/Roaming/TinyTeX/texmf-dist/tex/latex/url/url.sty
\Urlmuskip=\muskip19
Package: url 2013/09/16  ver 3.4  Verb mode for urls, etc.
)
LaTeX Info: Redefining \url on input line 4807.
\XeTeXLinkMargin=\dimen261
(c:/Users/hp/AppData/Roaming/TinyTeX/texmf-dist/tex/generic/bitset/bitset.sty
Package: bitset 2019/12/09 v1.3 Handle bit-vector datatype (HO)
(c:/Users/hp/AppData/Roaming/TinyTeX/texmf-dist/tex/generic/bigintcalc/bigintcalc.sty
Package: bigintcalc 2019/12/15 v1.5 Expandable calculations on big integers (HO)
))
\Fld@menulength=\count340
\Field@Width=\dimen262
\Fld@charsize=\dimen263
Package hyperref Info: Hyper figures OFF on input line 6084.
Package hyperref Info: Link nesting OFF on input line 6089.
Package hyperref Info: Hyper index ON on input line 6092.
Package hyperref Info: backreferencing OFF on input line 6099.
Package hyperref Info: Link coloring OFF on input line 6104.
Package hyperref Info: Link coloring with OCG OFF on input line 6109.
Package hyperref Info: PDF/A mode OFF on input line 6114.
\Hy@abspage=\count341
\c@Item=\count342
\c@Hfootnote=\count343
)
Package hyperref Info: Driver (autodetected): hxetex.
(c:/Users/hp/AppData/Roaming/TinyTeX/texmf-dist/tex/latex/hyperref/hxetex.def
File: hxetex.def 2026-01-29 v7.01p Hyperref driver for XeTeX
\pdfm@box=\box69
\c@Hy@AnnotLevel=\count344
\HyField@AnnotCount=\count345
\Fld@listcount=\count346
\c@bookmark@seq@number=\count347
(c:/Users/hp/AppData/Roaming/TinyTeX/texmf-dist/tex/latex/rerunfilecheck/rerunfilecheck.sty
Package: rerunfilecheck 2025-06-21 v1.11 Rerun checks for auxiliary files (HO)
(c:/Users/hp/AppData/Roaming/TinyTeX/texmf-dist/tex/generic/uniquecounter/uniquecounter.sty
Package: uniquecounter 2019/12/15 v1.4 Provide unlimited unique counter (HO)
)
Package uniquecounter Info: New unique counter `rerunfilecheck' on input line 284.
)
\Hy@SectionHShift=\skip82
) (c:/Users/hp/AppData/Roaming/TinyTeX/texmf-dist/tex/latex/float/float.sty
Package: float 2001/11/08 v1.3d Float enhancements (AL)
\c@float@type=\count348
\float@exts=\toks35
\float@box=\box70
\@float@everytoks=\toks36
\@floatcapt=\box71
) (c:/Users/hp/AppData/Roaming/TinyTeX/texmf-dist/tex/latex/pgf/frontendlayer/tikz.sty (c:/Users/hp/AppData/Roaming/TinyTeX/texmf-dist/tex/latex/pgf/basiclayer/pgf.sty (c:/Users/hp/AppData/Roaming/TinyTeX/texmf-dist/tex/latex/pgf/utilities/pgfrcs.sty (c:/Users/hp/AppData/Roaming/TinyTeX/texmf-dist/tex/generic/pgf/utilities/pgfutil-common.tex
\pgfutil@everybye=\toks37
\pgfutil@tempdima=\dimen264
\pgfutil@tempdimb=\dimen265
) (c:/Users/hp/AppData/Roaming/TinyTeX/texmf-dist/tex/generic/pgf/utilities/pgfutil-latex.def
\pgfutil@abb=\box72
) (c:/Users/hp/AppData/Roaming/TinyTeX/texmf-dist/tex/generic/pgf/utilities/pgfrcs.code.tex (c:/Users/hp/AppData/Roaming/TinyTeX/texmf-dist/tex/generic/pgf/pgf.revision.tex)
Package: pgfrcs 2025-08-29 v3.1.11a (3.1.11a)
))
Package: pgf 2025-08-29 v3.1.11a (3.1.11a)
(c:/Users/hp/AppData/Roaming/TinyTeX/texmf-dist/tex/latex/pgf/basiclayer/pgfcore.sty (c:/Users/hp/AppData/Roaming/TinyTeX/texmf-dist/tex/latex/pgf/systemlayer/pgfsys.sty (c:/Users/hp/AppData/Roaming/TinyTeX/texmf-dist/tex/generic/pgf/systemlayer/pgfsys.code.tex
Package: pgfsys 2025-08-29 v3.1.11a (3.1.11a)
(c:/Users/hp/AppData/Roaming/TinyTeX/texmf-dist/tex/generic/pgf/utilities/pgfkeys.code.tex
\pgfkeys@pathtoks=\toks38
\pgfkeys@temptoks=\toks39
(c:/Users/hp/AppData/Roaming/TinyTeX/texmf-dist/tex/generic/pgf/utilities/pgfkeyslibraryfiltered.code.tex
\pgfkeys@tmptoks=\toks40
))
\pgf@x=\dimen266
\pgf@y=\dimen267
\pgf@xa=\dimen268
\pgf@ya=\dimen269
\pgf@xb=\dimen270
\pgf@yb=\dimen271
\pgf@xc=\dimen272
\pgf@yc=\dimen273
\pgf@xd=\dimen274
\pgf@yd=\dimen275
\w@pgf@writea=\write4
\r@pgf@reada=\read3
\c@pgf@counta=\count349
\c@pgf@countb=\count350
\c@pgf@countc=\count351
\c@pgf@countd=\count352
\t@pgf@toka=\toks41
\t@pgf@tokb=\toks42
\t@pgf@tokc=\toks43
\pgf@sys@id@count=\count353
(c:/Users/hp/AppData/Roaming/TinyTeX/texmf-dist/tex/generic/pgf/systemlayer/pgf.cfg
File: pgf.cfg 2025-08-29 v3.1.11a (3.1.11a)
)
Driver file for pgf: pgfsys-xetex.def
(c:/Users/hp/AppData/Roaming/TinyTeX/texmf-dist/tex/generic/pgf/systemlayer/pgfsys-xetex.def
File: pgfsys-xetex.def 2025-08-29 v3.1.11a (3.1.11a)
(c:/Users/hp/AppData/Roaming/TinyTeX/texmf-dist/tex/generic/pgf/systemlayer/pgfsys-dvipdfmx.def
File: pgfsys-dvipdfmx.def 2025-08-29 v3.1.11a (3.1.11a)
(c:/Users/hp/AppData/Roaming/TinyTeX/texmf-dist/tex/generic/pgf/systemlayer/pgfsys-common-pdf.def
File: pgfsys-common-pdf.def 2025-08-29 v3.1.11a (3.1.11a)
)
\pgfsys@objnum=\count354
))) (c:/Users/hp/AppData/Roaming/TinyTeX/texmf-dist/tex/generic/pgf/systemlayer/pgfsyssoftpath.code.tex
File: pgfsyssoftpath.code.tex 2025-08-29 v3.1.11a (3.1.11a)
\pgfsyssoftpath@smallbuffer@items=\count355
\pgfsyssoftpath@bigbuffer@items=\count356
) (c:/Users/hp/AppData/Roaming/TinyTeX/texmf-dist/tex/generic/pgf/systemlayer/pgfsysprotocol.code.tex
File: pgfsysprotocol.code.tex 2025-08-29 v3.1.11a (3.1.11a)
)) (c:/Users/hp/AppData/Roaming/TinyTeX/texmf-dist/tex/generic/pgf/basiclayer/pgfcore.code.tex
Package: pgfcore 2025-08-29 v3.1.11a (3.1.11a)
(c:/Users/hp/AppData/Roaming/TinyTeX/texmf-dist/tex/generic/pgf/math/pgfmath.code.tex (c:/Users/hp/AppData/Roaming/TinyTeX/texmf-dist/tex/generic/pgf/math/pgfmathutil.code.tex) (c:/Users/hp/AppData/Roaming/TinyTeX/texmf-dist/tex/generic/pgf/math/pgfmathparser.code.tex
\pgfmath@dimen=\dimen276
\pgfmath@count=\count357
\pgfmath@box=\box73
\pgfmath@toks=\toks44
\pgfmath@stack@operand=\toks45
\pgfmath@stack@operation=\toks46
) (c:/Users/hp/AppData/Roaming/TinyTeX/texmf-dist/tex/generic/pgf/math/pgfmathfunctions.code.tex) (c:/Users/hp/AppData/Roaming/TinyTeX/texmf-dist/tex/generic/pgf/math/pgfmathfunctions.basic.code.tex) (c:/Users/hp/AppData/Roaming/TinyTeX/texmf-dist/tex/generic/pgf/math/pgfmathfunctions.trigonometric.code.tex) (c:/Users/hp/AppData/Roaming/TinyTeX/texmf-dist/tex/generic/pgf/math/pgfmathfunctions.random.code.tex) (c:/Users/hp/AppData/Roaming/TinyTeX/texmf-dist/tex/generic/pgf/math/pgfmathfunctions.comparison.code.tex) (c:/Users/hp/AppData/Roaming/TinyTeX/texmf-dist/tex/generic/pgf/math/pgfmathfunctions.base.code.tex) (c:/Users/hp/AppData/Roaming/TinyTeX/texmf-dist/tex/generic/pgf/math/pgfmathfunctions.round.code.tex) (c:/Users/hp/AppData/Roaming/TinyTeX/texmf-dist/tex/generic/pgf/math/pgfmathfunctions.misc.code.tex) (c:/Users/hp/AppData/Roaming/TinyTeX/texmf-dist/tex/generic/pgf/math/pgfmathfunctions.integerarithmetics.code.tex) (c:/Users/hp/AppData/Roaming/TinyTeX/texmf-dist/tex/generic/pgf/math/pgfmathcalc.code.tex) (c:/Users/hp/AppData/Roaming/TinyTeX/texmf-dist/tex/generic/pgf/math/pgfmathfloat.code.tex
\c@pgfmathroundto@lastzeros=\count358
)) (c:/Users/hp/AppData/Roaming/TinyTeX/texmf-dist/tex/generic/pgf/math/pgfint.code.tex) (c:/Users/hp/AppData/Roaming/TinyTeX/texmf-dist/tex/generic/pgf/basiclayer/pgfcorepoints.code.tex
File: pgfcorepoints.code.tex 2025-08-29 v3.1.11a (3.1.11a)
\pgf@picminx=\dimen277
\pgf@picmaxx=\dimen278
\pgf@picminy=\dimen279
\pgf@picmaxy=\dimen280
\pgf@pathminx=\dimen281
\pgf@pathmaxx=\dimen282
\pgf@pathminy=\dimen283
\pgf@pathmaxy=\dimen284
\pgf@xx=\dimen285
\pgf@xy=\dimen286
\pgf@yx=\dimen287
\pgf@yy=\dimen288
\pgf@zx=\dimen289
\pgf@zy=\dimen290
) (c:/Users/hp/AppData/Roaming/TinyTeX/texmf-dist/tex/generic/pgf/basiclayer/pgfcorepathconstruct.code.tex
File: pgfcorepathconstruct.code.tex 2025-08-29 v3.1.11a (3.1.11a)
\pgf@path@lastx=\dimen291
\pgf@path@lasty=\dimen292
) (c:/Users/hp/AppData/Roaming/TinyTeX/texmf-dist/tex/generic/pgf/basiclayer/pgfcorepathusage.code.tex
File: pgfcorepathusage.code.tex 2025-08-29 v3.1.11a (3.1.11a)
\pgf@shorten@end@additional=\dimen293
\pgf@shorten@start@additional=\dimen294
) (c:/Users/hp/AppData/Roaming/TinyTeX/texmf-dist/tex/generic/pgf/basiclayer/pgfcorescopes.code.tex
File: pgfcorescopes.code.tex 2025-08-29 v3.1.11a (3.1.11a)
\pgfpic=\box74
\pgf@hbox=\box75
\pgf@layerbox@main=\box76
\pgf@picture@serial@count=\count359
) (c:/Users/hp/AppData/Roaming/TinyTeX/texmf-dist/tex/generic/pgf/basiclayer/pgfcoregraphicstate.code.tex
File: pgfcoregraphicstate.code.tex 2025-08-29 v3.1.11a (3.1.11a)
\pgflinewidth=\dimen295
) (c:/Users/hp/AppData/Roaming/TinyTeX/texmf-dist/tex/generic/pgf/basiclayer/pgfcoretransformations.code.tex
File: pgfcoretransformations.code.tex 2025-08-29 v3.1.11a (3.1.11a)
\pgf@pt@x=\dimen296
\pgf@pt@y=\dimen297
\pgf@pt@temp=\dimen298
) (c:/Users/hp/AppData/Roaming/TinyTeX/texmf-dist/tex/generic/pgf/basiclayer/pgfcorequick.code.tex
File: pgfcorequick.code.tex 2025-08-29 v3.1.11a (3.1.11a)
) (c:/Users/hp/AppData/Roaming/TinyTeX/texmf-dist/tex/generic/pgf/basiclayer/pgfcoreobjects.code.tex
File: pgfcoreobjects.code.tex 2025-08-29 v3.1.11a (3.1.11a)
) (c:/Users/hp/AppData/Roaming/TinyTeX/texmf-dist/tex/generic/pgf/basiclayer/pgfcorepathprocessing.code.tex
File: pgfcorepathprocessing.code.tex 2025-08-29 v3.1.11a (3.1.11a)
) (c:/Users/hp/AppData/Roaming/TinyTeX/texmf-dist/tex/generic/pgf/basiclayer/pgfcorearrows.code.tex
File: pgfcorearrows.code.tex 2025-08-29 v3.1.11a (3.1.11a)
\pgfarrowsep=\dimen299
) (c:/Users/hp/AppData/Roaming/TinyTeX/texmf-dist/tex/generic/pgf/basiclayer/pgfcoreshade.code.tex
File: pgfcoreshade.code.tex 2025-08-29 v3.1.11a (3.1.11a)
\pgf@max=\dimen300
\pgf@sys@shading@range@num=\count360
\pgf@shadingcount=\count361
) (c:/Users/hp/AppData/Roaming/TinyTeX/texmf-dist/tex/generic/pgf/basiclayer/pgfcoreimage.code.tex
File: pgfcoreimage.code.tex 2025-08-29 v3.1.11a (3.1.11a)
) (c:/Users/hp/AppData/Roaming/TinyTeX/texmf-dist/tex/generic/pgf/basiclayer/pgfcoreexternal.code.tex
File: pgfcoreexternal.code.tex 2025-08-29 v3.1.11a (3.1.11a)
\pgfexternal@startupbox=\box77
) (c:/Users/hp/AppData/Roaming/TinyTeX/texmf-dist/tex/generic/pgf/basiclayer/pgfcorelayers.code.tex
File: pgfcorelayers.code.tex 2025-08-29 v3.1.11a (3.1.11a)
) (c:/Users/hp/AppData/Roaming/TinyTeX/texmf-dist/tex/generic/pgf/basiclayer/pgfcoretransparency.code.tex
File: pgfcoretransparency.code.tex 2025-08-29 v3.1.11a (3.1.11a)
) (c:/Users/hp/AppData/Roaming/TinyTeX/texmf-dist/tex/generic/pgf/basiclayer/pgfcorepatterns.code.tex
File: pgfcorepatterns.code.tex 2025-08-29 v3.1.11a (3.1.11a)
) (c:/Users/hp/AppData/Roaming/TinyTeX/texmf-dist/tex/generic/pgf/basiclayer/pgfcorerdf.code.tex
File: pgfcorerdf.code.tex 2025-08-29 v3.1.11a (3.1.11a)
))) (c:/Users/hp/AppData/Roaming/TinyTeX/texmf-dist/tex/generic/pgf/modules/pgfmoduleshapes.code.tex
File: pgfmoduleshapes.code.tex 2025-08-29 v3.1.11a (3.1.11a)
\pgfnodeparttextbox=\box78
) (c:/Users/hp/AppData/Roaming/TinyTeX/texmf-dist/tex/generic/pgf/modules/pgfmoduleplot.code.tex
File: pgfmoduleplot.code.tex 2025-08-29 v3.1.11a (3.1.11a)
) (c:/Users/hp/AppData/Roaming/TinyTeX/texmf-dist/tex/latex/pgf/compatibility/pgfcomp-version-0-65.sty
Package: pgfcomp-version-0-65 2025-08-29 v3.1.11a (3.1.11a)
\pgf@nodesepstart=\dimen301
\pgf@nodesepend=\dimen302
) (c:/Users/hp/AppData/Roaming/TinyTeX/texmf-dist/tex/latex/pgf/compatibility/pgfcomp-version-1-18.sty
Package: pgfcomp-version-1-18 2025-08-29 v3.1.11a (3.1.11a)
)) (c:/Users/hp/AppData/Roaming/TinyTeX/texmf-dist/tex/latex/pgf/utilities/pgffor.sty (c:/Users/hp/AppData/Roaming/TinyTeX/texmf-dist/tex/latex/pgf/utilities/pgfkeys.sty (c:/Users/hp/AppData/Roaming/TinyTeX/texmf-dist/tex/generic/pgf/utilities/pgfkeys.code.tex)) (c:/Users/hp/AppData/Roaming/TinyTeX/texmf-dist/tex/latex/pgf/math/pgfmath.sty (c:/Users/hp/AppData/Roaming/TinyTeX/texmf-dist/tex/generic/pgf/math/pgfmath.code.tex)) (c:/Users/hp/AppData/Roaming/TinyTeX/texmf-dist/tex/generic/pgf/utilities/pgffor.code.tex
Package: pgffor 2025-08-29 v3.1.11a (3.1.11a)
\pgffor@iter=\dimen303
\pgffor@skip=\dimen304
\pgffor@stack=\toks47
\pgffor@toks=\toks48
)) (c:/Users/hp/AppData/Roaming/TinyTeX/texmf-dist/tex/generic/pgf/frontendlayer/tikz/tikz.code.tex
Package: tikz 2025-08-29 v3.1.11a (3.1.11a)
(c:/Users/hp/AppData/Roaming/TinyTeX/texmf-dist/tex/generic/pgf/libraries/pgflibraryplothandlers.code.tex
File: pgflibraryplothandlers.code.tex 2025-08-29 v3.1.11a (3.1.11a)
\pgf@plot@mark@count=\count362
\pgfplotmarksize=\dimen305
)
\tikz@lastx=\dimen306
\tikz@lasty=\dimen307
\tikz@lastxsaved=\dimen308
\tikz@lastysaved=\dimen309
\tikz@lastmovetox=\dimen310
\tikz@lastmovetoy=\dimen311
\tikzleveldistance=\dimen312
\tikzsiblingdistance=\dimen313
\tikz@figbox=\box79
\tikz@figbox@bg=\box80
\tikz@tempbox=\box81
\tikz@tempbox@bg=\box82
\tikztreelevel=\count363
\tikznumberofchildren=\count364
\tikznumberofcurrentchild=\count365
\tikz@fig@count=\count366
(c:/Users/hp/AppData/Roaming/TinyTeX/texmf-dist/tex/generic/pgf/modules/pgfmodulematrix.code.tex
File: pgfmodulematrix.code.tex 2025-08-29 v3.1.11a (3.1.11a)
\pgfmatrixcurrentrow=\count367
\pgfmatrixcurrentcolumn=\count368
\pgf@matrix@numberofcolumns=\count369
)
\tikz@expandcount=\count370
(c:/Users/hp/AppData/Roaming/TinyTeX/texmf-dist/tex/generic/pgf/frontendlayer/tikz/libraries/tikzlibrarytopaths.code.tex
File: tikzlibrarytopaths.code.tex 2025-08-29 v3.1.11a (3.1.11a)
))) (c:/Users/hp/AppData/Roaming/TinyTeX/texmf-dist/tex/latex/tools/tabularx.sty
Package: tabularx 2023/12/11 v2.12a `tabularx' package (DPC)
\TX@col@width=\dimen314
\TX@old@table=\dimen315
\TX@old@col=\dimen316
\TX@target=\dimen317
\TX@delta=\dimen318
\TX@cols=\count371
\TX@ftn=\toks49
) (c:/Users/hp/AppData/Roaming/TinyTeX/texmf-dist/tex/latex/base/fontenc.sty
Package: fontenc 2025/07/18 v2.1d Standard LaTeX package
LaTeX Font Info:    Trying to load font information for T1+ptm on input line 116.
(c:/Users/hp/AppData/Roaming/TinyTeX/texmf-dist/tex/latex/psnfss/t1ptm.fd
File: t1ptm.fd 2001/06/04 font definitions for T1/ptm.
)) (c:/Users/hp/AppData/Roaming/TinyTeX/texmf-dist/tex/generic/babel/babel.sty
Package: babel 2026/03/24 v26.5 The multilingual framework for LuaLaTeX, pdfLaTeX and XeLaTeX
\babel@savecnt=\count372
LaTeX Encoding Info:    Redeclaring text command \ij (encoding OT1) on input line 2078.
LaTeX Encoding Info:    Redeclaring text command \IJ (encoding OT1) on input line 2080.
LaTeX Encoding Info:    Redeclaring text command \ij (encoding T1) on input line 2082.
LaTeX Encoding Info:    Redeclaring text command \IJ (encoding T1) on input line 2083.
LaTeX Encoding Info:    Ignoring declaration for text command \ij (encoding ?) on input line 2084.
LaTeX Encoding Info:    Ignoring declaration for text command \IJ (encoding ?) on input line 2086.
LaTeX Encoding Info:    Ignoring declaration for text command \SS (encoding ?) on input line 2111.
\U@D=\dimen319
\l@unhyphenated=\language4
(c:/Users/hp/AppData/Roaming/TinyTeX/texmf-dist/tex/generic/babel/xebabel.def)
\bbl@readstream=\read4
\bbl@dirlevel=\count373
(c:/Users/hp/AppData/Roaming/TinyTeX/texmf-dist/tex/generic/babel/locale/fr/babel-french.tex)
Package babel Info: Importing font and identification data for french
(babel)             from babel-fr.ini. Reported on input line 4330.
(c:/Users/hp/AppData/Roaming/TinyTeX/texmf-dist/tex/generic/babel-french/french.ldf
Language: french 2025-08-15 v4.0e French support from the babel system
(c:/Users/hp/AppData/Roaming/TinyTeX/texmf-dist/tex/generic/babel-french/french3.ldf
Language: french 2025-08-15 v3.7e French support from the babel system
\FB@stdchar=\count374
Package french3.ldf Info: No need for active punctuation characters
(french3.ldf)             with this version of XeTeX!
(french3.ldf)             reported on input line 154.
\FB@punctthick=\XeTeXcharclass4
\FB@punctthin=\XeTeXcharclass5
\FB@punctnul=\XeTeXcharclass6
\FB@guilo=\XeTeXcharclass7
\FB@guilf=\XeTeXcharclass8
\FB@guilnul=\XeTeXcharclass9
\FBguill@level=\count375
\FBold@everypar=\toks50
\FB@Mht=\dimen320
\mc@charclass=\count376
\mc@charfam=\count377
\mc@charslot=\count378
\std@mcc=\count379
\dec@mcc=\count380
\FB@pardim=\dimen321
\listindentFB=\dimen322
\descindentFB=\dimen323
\labelindentFB=\dimen324
\labelwidthFB=\dimen325
\leftmarginFB=\dimen326
\parindentFFN=\dimen327
\FBfnindent=\dimen328
))) (c:/Users/hp/AppData/Roaming/TinyTeX/texmf-dist/tex/latex/carlisle/scalefnt.sty) (c:/Users/hp/AppData/Roaming/TinyTeX/texmf-dist/tex/latex/graphics/dvipsnam.def
File: dvipsnam.def 2016/06/17 v3.0m Driver-dependent file (DPC,SPQR)
) (c:/Users/hp/AppData/Roaming/TinyTeX/texmf-dist/tex/latex/xcolor/svgnam.def
File: svgnam.def 2024/09/29 v3.02 Predefined colors according to SVG 1.1 (UK)
) (c:/Users/hp/AppData/Roaming/TinyTeX/texmf-dist/tex/latex/xcolor/x11nam.def
File: x11nam.def 2024/09/29 v3.02 Predefined colors according to Unix/X11 (UK)
) (c:/Users/hp/AppData/Roaming/TinyTeX/texmf-dist/tex/generic/pgf/frontendlayer/tikz/libraries/tikzlibraryshapes.geometric.code.tex
File: tikzlibraryshapes.geometric.code.tex 2025-08-29 v3.1.11a (3.1.11a)
(c:/Users/hp/AppData/Roaming/TinyTeX/texmf-dist/tex/generic/pgf/libraries/shapes/pgflibraryshapes.geometric.code.tex
File: pgflibraryshapes.geometric.code.tex 2025-08-29 v3.1.11a (3.1.11a)
)) (c:/Users/hp/AppData/Roaming/TinyTeX/texmf-dist/tex/generic/pgf/frontendlayer/tikz/libraries/tikzlibraryarrows.code.tex
File: tikzlibraryarrows.code.tex 2025-08-29 v3.1.11a (3.1.11a)
(c:/Users/hp/AppData/Roaming/TinyTeX/texmf-dist/tex/generic/pgf/libraries/pgflibraryarrows.code.tex
File: pgflibraryarrows.code.tex 2025-08-29 v3.1.11a (3.1.11a)
\arrowsize=\dimen329
)) (c:/Users/hp/AppData/Roaming/TinyTeX/texmf-dist/tex/generic/pgf/frontendlayer/tikz/libraries/tikzlibrarycalc.code.tex
File: tikzlibrarycalc.code.tex 2025-08-29 v3.1.11a (3.1.11a)
) (c:/Users/hp/AppData/Roaming/TinyTeX/texmf-dist/tex/latex/anyfontsize/anyfontsize.sty
Invalid UTF-8 byte or sequence at line 3 replaced by U+FFFD.
Invalid UTF-8 byte or sequence at line 3 replaced by U+FFFD.
Package: anyfontsize 2007/11/22 anyfontsize.sty by pts
) (c:/Users/hp/AppData/Roaming/TinyTeX/texmf-dist/tex/latex/tabu/tabu.sty
Package: tabu 2019/01/11 v2.9 - flexible LaTeX tabulars (FC+tabu-fixed)
(c:/Users/hp/AppData/Roaming/TinyTeX/texmf-dist/tex/latex/varwidth/varwidth.sty
Package: varwidth 2009/03/30 ver 0.92;  Variable-width minipages
\@vwid@box=\box83
\sift@deathcycles=\count381
\@vwid@loff=\dimen330
\@vwid@roff=\dimen331
)
==> First Aid for varwidth.sty applied!
\c@taburow=\count382
\tabu@nbcols=\count383
\tabu@cnt=\count384
\tabu@Xcol=\count385
\tabu@alloc=\count386
\tabu@nested=\count387
\tabu@target=\dimen332
\tabu@spreadtarget=\dimen333
\tabu@naturalX=\dimen334
\tabucolX=\dimen335
\tabu@Xsum=\dimen336
\extrarowdepth=\dimen337
\abovetabulinesep=\dimen338
\belowtabulinesep=\dimen339
\tabustrutrule=\dimen340
\tabu@thebody=\toks51
\tabu@footnotes=\toks52
\tabu@box=\box84
\tabu@arstrutbox=\box85
\tabu@hleads=\box86
\tabu@vleads=\box87
\tabu@cellskip=\skip83
) (c:/Users/hp/AppData/Roaming/TinyTeX/texmf-dist/tex/latex/fncychap/fncychap.sty
Package: fncychap 2007/07/30 v1.34 LaTeX package (Revised chapters)
\RW=\skip84
\mylen=\skip85
\myhi=\skip86
\px=\skip87
\py=\skip88
\pyy=\skip89
\pxx=\skip90
) (c:/Users/hp/AppData/Roaming/TinyTeX/texmf-dist/tex/latex/setspace/setspace.sty
Package: setspace 2022/12/04 v6.7b set line spacing
) (c:/Users/hp/AppData/Roaming/TinyTeX/texmf-dist/tex/latex/mnsymbol/MnSymbol.sty
Package: MnSymbol 2007/01/21 v1.4 support for the MnSymbol font
LaTeX Info: Redefining \dagger on input line 84.
LaTeX Info: Redefining \ddagger on input line 84.
LaTeX Info: Redefining \mathparagraph on input line 84.
LaTeX Info: Redefining \mathsection on input line 84.
LaTeX Info: Redefining \mathdollar on input line 84.
LaTeX Info: Redefining \mathsterling on input line 84.
LaTeX Info: Redefining \yen on input line 84.
LaTeX Info: Redefining \circledR on input line 84.
LaTeX Info: Redefining \circledS on input line 84.
LaTeX Info: Redefining \Re on input line 84.
LaTeX Info: Redefining \Im on input line 84.
LaTeX Info: Redefining \dotplus on input line 84.
LaTeX Info: Redefining \thicksim on input line 84.
LaTeX Info: Redefining \thickapprox on input line 84.
LaTeX Info: Redefining \veebar on input line 84.
LaTeX Info: Redefining \barwedge on input line 84.
LaTeX Info: Redefining \doublebarwedge on input line 84.
LaTeX Info: Redefining \centerdot on input line 84.
LaTeX Info: Redefining \divideontimes on input line 84.
\symMnSyA=\mathgroup8
\symMnSyB=\mathgroup9
\symMnSyC=\mathgroup10
\symMnSyD=\mathgroup11
LaTeX Font Info:    Redeclaring symbol font `largesymbols' on input line 119.
LaTeX Font Info:    Overwriting symbol font `largesymbols' in version `normal'
(Font)                  OMX/ztmcm/m/n --> OMX/MnSymbolE/m/n on input line 119.
LaTeX Font Info:    Overwriting symbol font `largesymbols' in version `bold'
(Font)                  OMX/ztmcm/m/n --> OMX/MnSymbolE/m/n on input line 119.
LaTeX Font Info:    Redeclaring symbol font `symbols' on input line 120.
LaTeX Font Info:    Encoding `OMS' has changed to `U' for symbol font
(Font)              `symbols' in the math version `normal' on input line 120.
LaTeX Font Info:    Overwriting symbol font `symbols' in version `normal'
(Font)                  OMS/ztmcm/m/n --> U/MnSymbolF/m/n on input line 120.
LaTeX Font Info:    Encoding `OMS' has changed to `U' for symbol font
(Font)              `symbols' in the math version `bold' on input line 120.
LaTeX Font Info:    Overwriting symbol font `symbols' in version `bold'
(Font)                  OMS/ztmcm/m/n --> U/MnSymbolF/m/n on input line 120.
LaTeX Font Info:    Overwriting symbol font `MnSyA' in version `bold'
(Font)                  U/MnSymbolA/m/n --> U/MnSymbolA/b/n on input line 121.
LaTeX Font Info:    Overwriting symbol font `MnSyB' in version `bold'
(Font)                  U/MnSymbolB/m/n --> U/MnSymbolB/b/n on input line 122.
LaTeX Font Info:    Overwriting symbol font `MnSyC' in version `bold'
(Font)                  U/MnSymbolC/m/n --> U/MnSymbolC/b/n on input line 123.
LaTeX Font Info:    Overwriting symbol font `MnSyD' in version `bold'
(Font)                  U/MnSymbolD/m/n --> U/MnSymbolD/b/n on input line 124.
LaTeX Font Info:    Overwriting symbol font `largesymbols' in version `bold'
(Font)                  OMX/MnSymbolE/m/n --> OMX/MnSymbolE/b/n on input line 125.
LaTeX Font Info:    Overwriting symbol font `symbols' in version `bold'
(Font)                  U/MnSymbolF/m/n --> U/MnSymbolF/b/n on input line 126.
LaTeX Font Info:    Redeclaring math alphabet \mathcal on input line 241.
LaTeX Font Info:    Overwriting math alphabet `\mathcal' in version `bold'
(Font)                  OMS/MnSymbolS/m/n --> OMS/MnSymbolS/b/n on input line 241.
LaTeX Info: Redefining \longrightarrow on input line 548.
LaTeX Info: Redefining \longleftarrow on input line 549.
LaTeX Info: Redefining \longleftrightarrow on input line 550.
LaTeX Info: Redefining \Longrightarrow on input line 551.
LaTeX Info: Redefining \Longleftarrow on input line 552.
LaTeX Info: Redefining \Longleftrightarrow on input line 553.
LaTeX Info: Redefining \longmapsto on input line 554.
LaTeX Info: Redefining \vdots on input line 868.
LaTeX Font Info:    Redeclaring math symbol \braceld on input line 1721.
LaTeX Font Info:    Redeclaring math symbol \bracelu on input line 1722.
LaTeX Font Info:    Redeclaring math symbol \bracerd on input line 1723.
LaTeX Font Info:    Redeclaring math symbol \braceru on input line 1724.
LaTeX Info: Redefining \downbracefill on input line 1799.
LaTeX Info: Redefining \upbracefill on input line 1800.
LaTeX Info: Redefining \overbrace on input line 1819.
LaTeX Info: Redefining \underbrace on input line 1820.
LaTeX Info: Redefining \surd on input line 1843.
LaTeX Font Info:    Redeclaring math accent \widehat on input line 1845.
LaTeX Font Info:    Redeclaring math accent \widetilde on input line 1846.
LaTeX Font Info:    Redeclaring math accent \vec on input line 1848.
) (c:/Users/hp/AppData/Roaming/TinyTeX/texmf-dist/tex/latex/tcolorbox/tcolorbox.sty
Package: tcolorbox 2025/11/28 version 6.9.0 text color boxes
(c:/Users/hp/AppData/Roaming/TinyTeX/texmf-dist/tex/latex/tools/verbatim.sty
Package: verbatim 2024-01-22 v1.5x LaTeX2e package for verbatim enhancements
\every@verbatim=\toks53
\verbatim@line=\toks54
\verbatim@in@stream=\read5
) (c:/Users/hp/AppData/Roaming/TinyTeX/texmf-dist/tex/latex/environ/environ.sty
Package: environ 2014/05/04 v0.3 A new way to define environments
(c:/Users/hp/AppData/Roaming/TinyTeX/texmf-dist/tex/latex/trimspaces/trimspaces.sty
Package: trimspaces 2009/09/17 v1.1 Trim spaces around a token list
))
\tcb@titlebox=\box88
\tcb@upperbox=\box89
\tcb@lowerbox=\box90
\tcb@phantombox=\box91
\c@tcbbreakpart=\count388
\c@tcblayer=\count389
\c@tcolorbox@number=\count390
\l__tcobox_tmpa_box=\box92
\l__tcobox_tmpa_dim=\dimen341
\tcb@temp=\box93
\tcb@temp=\box94
\tcb@temp=\box95
\tcb@temp=\box96
(c:/Users/hp/AppData/Roaming/TinyTeX/texmf-dist/tex/latex/tcolorbox/tcbraster.code.tex
Library (tcolorbox): 'tcbraster.code.tex' version '6.9.0'
\c@tcbrastercolumn=\count391
\c@tcbrasterrow=\count392
\c@tcbrasternum=\count393
\c@tcbraster=\count394
) (c:/Users/hp/AppData/Roaming/TinyTeX/texmf-dist/tex/latex/tcolorbox/tcbskins.code.tex
Library (tcolorbox): 'tcbskins.code.tex' version '6.9.0'
(c:/Users/hp/AppData/Roaming/TinyTeX/texmf-dist/tex/latex/tikzfill/tikzfill.image.sty
Package: tikzfill.image 2026/03/26 v1.1.0 Image filling library for TikZ
(c:/Users/hp/AppData/Roaming/TinyTeX/texmf-dist/tex/latex/tikzfill/tikzlibraryfill.image.code.tex
File: tikzlibraryfill.image.code.tex 2026/03/26 v1.1.0 Image filling library
\l__tikzfill_tmpa_dim=\dimen342
\l__tikzfill_tmpb_dim=\dimen343
\l__tikzfill_img_box=\box97
)) (c:/Users/hp/AppData/Roaming/TinyTeX/texmf-dist/tex/latex/tcolorbox/tcbskinsjigsaw.code.tex
Library (tcolorbox): 'tcbskinsjigsaw.code.tex' version '6.9.0'
)) (c:/Users/hp/AppData/Roaming/TinyTeX/texmf-dist/tex/latex/tcolorbox/tcbbreakable.code.tex
Library (tcolorbox): 'tcbbreakable.code.tex' version '6.9.0'
(c:/Users/hp/AppData/Roaming/TinyTeX/texmf-dist/tex/latex/pdfcol/pdfcol.sty
Package: pdfcol 2022-09-21 v1.7 Handle new color stacks for pdfTeX (HO)
Package pdfcol Info: Interface disabled because of missing PDF mode of pdfTeX.
)
Package pdfcol Info: pdfTeX's color stacks are not available.
\tcb@testbox=\box98
\tcb@totalupperbox=\box99
\tcb@totallowerbox=\box100
) (c:/Users/hp/AppData/Roaming/TinyTeX/texmf-dist/tex/latex/tcolorbox/tcbhooks.code.tex
Library (tcolorbox): 'tcbhooks.code.tex' version '6.9.0'
) (c:/Users/hp/AppData/Roaming/TinyTeX/texmf-dist/tex/latex/tcolorbox/tcbtheorems.code.tex
Library (tcolorbox): 'tcbtheorems.code.tex' version '6.9.0'
) (c:/Users/hp/AppData/Roaming/TinyTeX/texmf-dist/tex/latex/tcolorbox/tcbfitting.code.tex
Library (tcolorbox): 'tcbfitting.code.tex' version '6.9.0'
\tcbfitdim=\dimen344
\tcb@lowerfitdim=\dimen345
\tcb@upperfitdim=\dimen346
\tcb@cur@hbadness=\count395
) (c:/Users/hp/AppData/Roaming/TinyTeX/texmf-dist/tex/latex/tcolorbox/tcblistingsutf8.code.tex
Library (tcolorbox): 'tcblistingsutf8.code.tex' version '6.9.0'
(c:/Users/hp/AppData/Roaming/TinyTeX/texmf-dist/tex/latex/tcolorbox/tcblistings.code.tex
Library (tcolorbox): 'tcblistings.code.tex' version '6.9.0'
(c:/Users/hp/AppData/Roaming/TinyTeX/texmf-dist/tex/latex/listings/listings.sty
\lst@mode=\count396
\lst@gtempboxa=\box101
\lst@token=\toks55
\lst@length=\count397
\lst@currlwidth=\dimen347
\lst@column=\count398
\lst@pos=\count399
\lst@lostspace=\dimen348
\lst@width=\dimen349
\lst@newlines=\count400
\lst@lineno=\count401
\lst@maxwidth=\dimen350
(c:/Users/hp/AppData/Roaming/TinyTeX/texmf-dist/tex/latex/listings/lstpatch.sty
File: lstpatch.sty 2025/11/14 1.11b (Carsten Heinz)
) (c:/Users/hp/AppData/Roaming/TinyTeX/texmf-dist/tex/latex/listings/lstmisc.sty
File: lstmisc.sty 2025/11/14 1.11b (Carsten Heinz)
\c@lstnumber=\count402
\lst@skipnumbers=\count403
\lst@framebox=\box102
) (c:/Users/hp/AppData/Roaming/TinyTeX/texmf-dist/tex/latex/listings/listings.cfg
File: listings.cfg 2025/11/14 1.11b listings configuration
))
Package: listings 2025/11/14 1.11b (Carsten Heinz)
==> First Aid for listings.sty no longer applied!
    Expected:
        2024/09/23 1.10c (Carsten Heinz)
    but found:
        2025/11/14 1.11b (Carsten Heinz)
    so I'm assuming it got fixed.
(c:/Users/hp/AppData/Roaming/TinyTeX/texmf-dist/tex/latex/tcolorbox/tcblistingscore.code.tex
Library (tcolorbox): 'tcblistingscore.code.tex' version '6.9.0'
(c:/Users/hp/AppData/Roaming/TinyTeX/texmf-dist/tex/latex/tcolorbox/tcbprocessing.code.tex
Library (tcolorbox): 'tcbprocessing.code.tex' version '6.9.0'
)
\c@tcblisting=\count404
))
Package tcolorbox Info: Library `listingsutf8' is compatible with pdftex only. Library `listings` is loaded instead. on input line 29.
) (c:/Users/hp/AppData/Roaming/TinyTeX/texmf-dist/tex/latex/tcolorbox/tcbexternal.code.tex
Library (tcolorbox): 'tcbexternal.code.tex' version '6.9.0'
) (c:/Users/hp/AppData/Roaming/TinyTeX/texmf-dist/tex/latex/tcolorbox/tcbmagazine.code.tex
Library (tcolorbox): 'tcbmagazine.code.tex' version '6.9.0'
) (c:/Users/hp/AppData/Roaming/TinyTeX/texmf-dist/tex/latex/tcolorbox/tcbvignette.code.tex
Library (tcolorbox): 'tcbvignette.code.tex' version '6.9.0'
(c:/Users/hp/AppData/Roaming/TinyTeX/texmf-dist/tex/generic/pgf/frontendlayer/tikz/libraries/tikzlibraryfadings.code.tex
File: tikzlibraryfadings.code.tex 2025-08-29 v3.1.11a (3.1.11a)
(c:/Users/hp/AppData/Roaming/TinyTeX/texmf-dist/tex/generic/pgf/libraries/pgflibraryfadings.code.tex
File: pgflibraryfadings.code.tex 2025-08-29 v3.1.11a (3.1.11a)
))) (c:/Users/hp/AppData/Roaming/TinyTeX/texmf-dist/tex/latex/tcolorbox/tcbposter.code.tex
Library (tcolorbox): 'tcbposter.code.tex' version '6.9.0'
)) (c:/Users/hp/AppData/Roaming/TinyTeX/texmf-dist/tex/latex/colortbl/colortbl.sty
Package: colortbl 2024/10/29 v1.0k Color table columns (DPC)
\everycr=\toks56
\minrowclearance=\skip91
\rownum=\count405
) (c:/Users/hp/AppData/Roaming/TinyTeX/texmf-dist/tex/latex/titlesec/titlesec.sty
Package: titlesec 2025/01/04 v2.17 Sectioning titles
\ttl@box=\box103
\beforetitleunit=\skip92
\aftertitleunit=\skip93
\ttl@plus=\dimen351
\ttl@minus=\dimen352
\ttl@toksa=\toks57
\titlewidth=\dimen353
\titlewidthlast=\dimen354
\titlewidthfirst=\dimen355
) (c:/Users/hp/AppData/Roaming/TinyTeX/texmf-dist/tex/latex/psnfss/pifont.sty
Package: pifont 2020/03/25 PSNFSS-v9.3 Pi font support (SPQR) 
LaTeX Font Info:    Trying to load font information for U+pzd on input line 63.
(c:/Users/hp/AppData/Roaming/TinyTeX/texmf-dist/tex/latex/psnfss/upzd.fd
File: upzd.fd 2001/06/04 font definitions for U/pzd.
)
LaTeX Font Info:    Trying to load font information for U+psy on input line 64.
(c:/Users/hp/AppData/Roaming/TinyTeX/texmf-dist/tex/latex/psnfss/upsy.fd
File: upsy.fd 2001/06/04 font definitions for U/psy.
)) (c:/Users/hp/AppData/Roaming/TinyTeX/texmf-dist/tex/latex/bookmark/bookmark.sty
Package: bookmark 2023-12-10 v1.31 PDF bookmarks (HO)
(c:/Users/hp/AppData/Roaming/TinyTeX/texmf-dist/tex/latex/bookmark/bkm-dvipdfm.def
File: bkm-dvipdfm.def 2023-12-10 v1.31 bookmark driver for dvipdfm (HO)
\BKM@id=\count406
))
Package french3.ldf Info: Setting StandardItemizeEnv=true for
(french3.ldf)             compatibility with enumitem package,
(french3.ldf)             reported on input line 180.
Package french3.ldf Info: Setting StandardEnumerateEnv=true for
(french3.ldf)             compatibility with enumitem package,
(french3.ldf)             reported on input line 180.
(./Traitement-TP1.aux)
\openout1 = `Traitement-TP1.aux'.

LaTeX Font Info:    Checking defaults for OML/cmm/m/it on input line 180.
LaTeX Font Info:    ... okay on input line 180.
LaTeX Font Info:    Checking defaults for OMS/cmsy/m/n on input line 180.
LaTeX Font Info:    ... okay on input line 180.
LaTeX Font Info:    Checking defaults for OT1/cmr/m/n on input line 180.
LaTeX Font Info:    ... okay on input line 180.
LaTeX Font Info:    Checking defaults for T1/cmr/m/n on input line 180.
LaTeX Font Info:    ... okay on input line 180.
LaTeX Font Info:    Checking defaults for TS1/cmr/m/n on input line 180.
LaTeX Font Info:    ... okay on input line 180.
LaTeX Font Info:    Checking defaults for TU/lmr/m/n on input line 180.
LaTeX Font Info:    ... okay on input line 180.
LaTeX Font Info:    Checking defaults for OMX/cmex/m/n on input line 180.
LaTeX Font Info:    ... okay on input line 180.
LaTeX Font Info:    Checking defaults for U/cmr/m/n on input line 180.
LaTeX Font Info:    ... okay on input line 180.
LaTeX Font Info:    Checking defaults for PD1/pdf/m/n on input line 180.
LaTeX Font Info:    ... okay on input line 180.
LaTeX Font Info:    Checking defaults for PU/pdf/m/n on input line 180.
LaTeX Font Info:    ... okay on input line 180.
LaTeX Font Info:    Overwriting math alphabet `\mathrm' in version `normal'
(Font)                  OT1/ztmcm/m/n --> TU/ptm/m/n on input line 180.
LaTeX Font Info:    Overwriting math alphabet `\mathit' in version `normal'
(Font)                  OT1/ptm/m/it --> TU/ptm/m/it on input line 180.
LaTeX Font Info:    Overwriting math alphabet `\mathbf' in version `normal'
(Font)                  OT1/ptm/bx/n --> TU/ptm/b/n on input line 180.
LaTeX Font Info:    Overwriting math alphabet `\mathsf' in version `normal'
(Font)                  OT1/lmss/m/n --> TU/lmss/m/n on input line 180.
LaTeX Font Info:    Overwriting math alphabet `\mathsf' in version `bold'
(Font)                  OT1/lmss/bx/n --> TU/lmss/b/n on input line 180.
LaTeX Font Info:    Overwriting math alphabet `\mathtt' in version `normal'
(Font)                  OT1/lmtt/m/n --> TU/lmtt/m/n on input line 180.
LaTeX Font Info:    Overwriting math alphabet `\mathtt' in version `bold'
(Font)                  OT1/lmtt/m/n --> TU/lmtt/b/n on input line 180.

Package fontspec Info: 
(fontspec)             latinmodern-math scale = 1.044077660485944.


Package fontspec Info: 
(fontspec)             latinmodern-math scale = 1.044077660485944.


Package fontspec Info: 
(fontspec)             latinmodern-math scale = 1.044077660485944.


Package fontspec Info: 
(fontspec)             Font family 'latinmodern-math.otf(0)' created for font
(fontspec)             'latinmodern-math.otf' with options
(fontspec)             [Scale=MatchLowercase,BoldItalicFont={},ItalicFont={},SmallCapsFont={},Script=Math,BoldFont={latinmodern-math.otf}].
(fontspec)              
(fontspec)              This font family consists of the following NFSS
(fontspec)             series/shapes:
(fontspec)              
(fontspec)             - 'normal' (m/n) with NFSS spec.:
(fontspec)             <->s*[1.044077660485944]"[latinmodern-math.otf]/OT:script=math;language=dflt;"
(fontspec)             - 'bold' (b/n) with NFSS spec.:
(fontspec)             <->s*[1.044077660485944]"[latinmodern-math.otf]/OT:script=math;language=dflt;"

LaTeX Font Info:    Trying to load font information for T1+latinmodern-math.otf(0) on input line 180.
LaTeX Font Info:    No file T1latinmodern-math.otf(0).fd. on input line 180.

LaTeX Font Warning: Font shape `T1/latinmodern-math.otf(0)/m/n' undefined
(Font)              using `T1/cmr/m/n' instead on input line 180.


Package unicode-math Warning: The first font loaded by unicode-math must be an
(unicode-math)                OpenType Math font (with script=math). If you
(unicode-math)                simply want ‘the default’ before loading
(unicode-math)                supplementary fonts over the top for certain
(unicode-math)                ranges, use: 
(unicode-math)                  \setmathfont{latinmodern-math.otf}


Package fontspec Info: 
(fontspec)             latinmodern-math scale = 1.044077660485944.


Package fontspec Info: 
(fontspec)             latinmodern-math scale = 1.044077660485944.


Package fontspec Info: 
(fontspec)             latinmodern-math scale = 1.044077660485944.


Package fontspec Info: 
(fontspec)             latinmodern-math scale = 1.044077660485944.


Package fontspec Info: 
(fontspec)             latinmodern-math scale = 1.044077660485944.


Package fontspec Info: 
(fontspec)             Font family 'latinmodern-math.otf(1)' created for font
(fontspec)             'latinmodern-math.otf' with options
(fontspec)             [Scale=MatchLowercase,BoldItalicFont={},ItalicFont={},SmallCapsFont={},Script=Math,SizeFeatures={{Size=0-},{Size=0-0,Font=latinmodern-math.otf,Style=MathScript},{Size=-0,Font=latinmodern-math.otf,Style=MathScriptScript}},BoldFont={latinmodern-math.otf}].
(fontspec)              
(fontspec)              This font family consists of the following NFSS
(fontspec)             series/shapes:
(fontspec)              
(fontspec)             - 'normal' (m/n) with NFSS spec.:
(fontspec)             <0->s*[1.044077660485944]"[latinmodern-math.otf]/OT:script=math;language=dflt;"<0-0>s*[1.044077660485944]"[latinmodern-math.otf]/OT:script=math;language=dflt;+ssty=0;"<-0>s*[1.044077660485944]"[latinmodern-math.otf]/OT:script=math;language=dflt;+ssty=1;"
(fontspec)             - 'bold' (b/n) with NFSS spec.:
(fontspec)             <->s*[1.044077660485944]"[latinmodern-math.otf]/OT:script=math;language=dflt;"

LaTeX Font Info:    Trying to load font information for T1+latinmodern-math.otf(1) on input line 180.
LaTeX Font Info:    No file T1latinmodern-math.otf(1).fd. on input line 180.

LaTeX Font Warning: Font shape `T1/latinmodern-math.otf(1)/m/n' undefined
(Font)              using `T1/cmr/m/n' instead on input line 180.

LaTeX Font Info:    Encoding `OT1' has changed to `T1' for symbol font
(Font)              `operators' in the math version `normal' on input line 180.
LaTeX Font Info:    Overwriting symbol font `operators' in version `normal'
(Font)                  OT1/ztmcm/m/n --> T1/latinmodern-math.otf(1)/m/n on input line 180.
LaTeX Font Info:    Encoding `OT1' has changed to `T1' for symbol font
(Font)              `operators' in the math version `bold' on input line 180.
LaTeX Font Info:    Overwriting symbol font `operators' in version `bold'
(Font)                  OT1/ztmcm/m/n --> T1/latinmodern-math.otf(1)/b/n on input line 180.
Package microtype Info: Patching varwidth to enable character protrusion.
\MT@vwid@leftmargin=\dimen356
\MT@vwid@rightmargin=\dimen357
LaTeX Info: Redefining \microtypecontext on input line 180.
Package microtype Info: Applying patch `item' on input line 180.
Package microtype Info: Applying patch `toc' on input line 180.
Package microtype Info: Applying patch `eqnum' on input line 180.

Package microtype Warning: Unable to apply patch `footnote' on input line 180.

Package microtype Info: Applying patch `verbatim' on input line 180.
LaTeX Info: Redefining \microtypesetup on input line 180.
Package microtype Info: Character protrusion enabled (level 2).
Package microtype Info: Using protrusion set `basicmath'.
Package microtype Info: No adjustment of tracking.
Package microtype Info: No adjustment of spacing.
Package microtype Info: No adjustment of kerning.
(c:/Users/hp/AppData/Roaming/TinyTeX/texmf-dist/tex/latex/microtype/mt-ptm.cfg
File: mt-ptm.cfg 2006/04/20 v1.7 microtype config. file: Times (RS)
)
*geometry* driver: auto-detecting
*geometry* detected driver: xetex
*geometry* verbose mode - [ preamble ] result:
* driver: xetex
* paper: a5paper
* layout: <same size as paper>
* layoutoffset:(h,v)=(0.0pt,0.0pt)
* modes: 
* h-part:(L,W,R)=(71.13188pt, 278.83702pt, 71.13188pt)
* v-part:(T,H,B)=(42.67912pt, 512.14963pt, 42.67912pt)
* \paperwidth=421.10078pt
* \paperheight=597.50787pt
* \textwidth=278.83702pt
* \textheight=512.14963pt
* \oddsidemargin=-1.1381pt
* \evensidemargin=-1.1381pt
* \topmargin=-69.09087pt
* \headheight=14.5pt
* \headsep=25.0pt
* \topskip=11.0pt
* \footskip=30.0pt
* \marginparwidth=59.0pt
* \marginparsep=10.0pt
* \columnsep=10.0pt
* \skip\footins=10.0pt plus 4.0pt minus 2.0pt
* \hoffset=0.0pt
* \voffset=0.0pt
* \mag=1000
* \@twocolumnfalse
* \@twosidefalse
* \@mparswitchfalse
* \@reversemarginfalse
* (1in=72.27pt=25.4mm, 1cm=28.453pt)

(c:/Users/hp/AppData/Roaming/TinyTeX/texmf-dist/tex/latex/pdflscape/pdflscape.sty
Package: pdflscape 2025-06-23 v0.14 Display of landscape pages in PDF
(c:/Users/hp/AppData/Roaming/TinyTeX/texmf-dist/tex/latex/pdflscape/pdflscape-nometadata.sty
Package: pdflscape-nometadata 2025-06-23 v0.14 Display of landscape pages in PDF (HO)
(c:/Users/hp/AppData/Roaming/TinyTeX/texmf-dist/tex/latex/graphics/lscape.sty
Package: lscape 2020/05/28 v3.02 Landscape Pages (DPC)
)
Package pdflscape Info: Auto-detected driver: dvipdfm (xetex) on input line 98.
))
Package hyperref Info: Link coloring OFF on input line 180.
\c@lstlisting=\count407
LaTeX Font Info:    Trying to load font information for OML+ztmcm on input line 182.
(c:/Users/hp/AppData/Roaming/TinyTeX/texmf-dist/tex/latex/psnfss/omlztmcm.fd
File: omlztmcm.fd 2000/01/03 Fontinst v1.801 font definitions for OML/ztmcm.
)
Package microtype Info: Fixing zero \fontdimen 6 for font `OMX/MnSymbolE/m/n/12'
(microtype)             (new value: 12.0pt) on input line 182.
Package microtype Info: Fixing zero \fontdimen 6 for font `OMX/MnSymbolE/m/n/9'
(microtype)             (new value: 9.0pt) on input line 182.
Package microtype Info: Fixing zero \fontdimen 6 for font `OMX/MnSymbolE/m/n/7'
(microtype)             (new value: 7.0pt) on input line 182.
(c:/Users/hp/AppData/Roaming/TinyTeX/texmf-dist/tex/latex/microtype/mt-msa.cfg
File: mt-msa.cfg 2006/02/04 v1.1 microtype config. file: AMS symbols (a) (RS)
) (c:/Users/hp/AppData/Roaming/TinyTeX/texmf-dist/tex/latex/microtype/mt-msb.cfg
File: mt-msb.cfg 2005/06/01 v1.0 microtype config. file: AMS symbols (b) (RS)
)
LaTeX Font Info:    Trying to load font information for OT1+ptm on input line 182.
(c:/Users/hp/AppData/Roaming/TinyTeX/texmf-dist/tex/latex/psnfss/ot1ptm.fd
File: ot1ptm.fd 2001/06/04 font definitions for OT1/ptm.
)
LaTeX Font Info:    Font shape `OT1/ptm/bx/n' in size <12> not available
(Font)              Font shape `OT1/ptm/b/n' tried instead on input line 182.
LaTeX Font Info:    Font shape `OT1/ptm/bx/n' in size <9> not available
(Font)              Font shape `OT1/ptm/b/n' tried instead on input line 182.
LaTeX Font Info:    Font shape `OT1/ptm/bx/n' in size <7> not available
(Font)              Font shape `OT1/ptm/b/n' tried instead on input line 182.
Package microtype Info: Fixing zero \fontdimen 6 for font `U/MnSymbolA/m/n/12'
(microtype)             (new value: 12.0pt) on input line 182.
Package microtype Info: Fixing zero \fontdimen 6 for font `U/MnSymbolA/m/n/9'
(microtype)             (new value: 9.0pt) on input line 182.
Package microtype Info: Fixing zero \fontdimen 6 for font `U/MnSymbolA/m/n/7'
(microtype)             (new value: 7.0pt) on input line 182.
Package microtype Info: Fixing zero \fontdimen 6 for font `U/MnSymbolB/m/n/12'
(microtype)             (new value: 12.0pt) on input line 182.
Package microtype Info: Fixing zero \fontdimen 6 for font `U/MnSymbolB/m/n/9'
(microtype)             (new value: 9.0pt) on input line 182.
Package microtype Info: Fixing zero \fontdimen 6 for font `U/MnSymbolB/m/n/7'
(microtype)             (new value: 7.0pt) on input line 182.
Package microtype Info: Fixing zero \fontdimen 6 for font `U/MnSymbolC/m/n/12'
(microtype)             (new value: 12.0pt) on input line 182.
Package microtype Info: Fixing zero \fontdimen 6 for font `U/MnSymbolC/m/n/9'
(microtype)             (new value: 9.0pt) on input line 182.
Package microtype Info: Fixing zero \fontdimen 6 for font `U/MnSymbolC/m/n/7'
(microtype)             (new value: 7.0pt) on input line 182.
Package microtype Info: Fixing zero \fontdimen 6 for font `U/MnSymbolD/m/n/12'
(microtype)             (new value: 12.0pt) on input line 182.
Package microtype Info: Fixing zero \fontdimen 6 for font `U/MnSymbolD/m/n/9'
(microtype)             (new value: 9.0pt) on input line 182.
Package microtype Info: Fixing zero \fontdimen 6 for font `U/MnSymbolD/m/n/7'
(microtype)             (new value: 7.0pt) on input line 182.
(./Traitement-TP1.toc
Package microtype Info: Fixing zero \fontdimen 6 for font `OMX/MnSymbolE/m/n/10.95'
(microtype)             (new value: 10.95pt) on input line 3.
Package microtype Info: Fixing zero \fontdimen 6 for font `OMX/MnSymbolE/m/n/8'
(microtype)             (new value: 8.0pt) on input line 3.
Package microtype Info: Fixing zero \fontdimen 6 for font `OMX/MnSymbolE/m/n/6'
(microtype)             (new value: 6.0pt) on input line 3.
LaTeX Font Info:    Font shape `OT1/ptm/bx/n' in size <10.95> not available
(Font)              Font shape `OT1/ptm/b/n' tried instead on input line 3.
LaTeX Font Info:    Font shape `OT1/ptm/bx/n' in size <8> not available
(Font)              Font shape `OT1/ptm/b/n' tried instead on input line 3.
LaTeX Font Info:    Font shape `OT1/ptm/bx/n' in size <6> not available
(Font)              Font shape `OT1/ptm/b/n' tried instead on input line 3.
Package microtype Info: Fixing zero \fontdimen 6 for font `U/MnSymbolA/m/n/10.95'
(microtype)             (new value: 10.95pt) on input line 3.
Package microtype Info: Fixing zero \fontdimen 6 for font `U/MnSymbolA/m/n/8'
(microtype)             (new value: 8.0pt) on input line 3.
Package microtype Info: Fixing zero \fontdimen 6 for font `U/MnSymbolA/m/n/6'
(microtype)             (new value: 6.0pt) on input line 3.
Package microtype Info: Fixing zero \fontdimen 6 for font `U/MnSymbolB/m/n/10.95'
(microtype)             (new value: 10.95pt) on input line 3.
Package microtype Info: Fixing zero \fontdimen 6 for font `U/MnSymbolB/m/n/8'
(microtype)             (new value: 8.0pt) on input line 3.
Package microtype Info: Fixing zero \fontdimen 6 for font `U/MnSymbolB/m/n/6'
(microtype)             (new value: 6.0pt) on input line 3.
Package microtype Info: Fixing zero \fontdimen 6 for font `U/MnSymbolC/m/n/10.95'
(microtype)             (new value: 10.95pt) on input line 3.
Package microtype Info: Fixing zero \fontdimen 6 for font `U/MnSymbolC/m/n/8'
(microtype)             (new value: 8.0pt) on input line 3.
Package microtype Info: Fixing zero \fontdimen 6 for font `U/MnSymbolC/m/n/6'
(microtype)             (new value: 6.0pt) on input line 3.
Package microtype Info: Fixing zero \fontdimen 6 for font `U/MnSymbolD/m/n/10.95'
(microtype)             (new value: 10.95pt) on input line 3.
Package microtype Info: Fixing zero \fontdimen 6 for font `U/MnSymbolD/m/n/8'
(microtype)             (new value: 8.0pt) on input line 3.
Package microtype Info: Fixing zero \fontdimen 6 for font `U/MnSymbolD/m/n/6'
(microtype)             (new value: 6.0pt) on input line 3.
[1

])
\tf@toc=\write5
\openout5 = `Traitement-TP1.toc'.

[2]
LaTeX Font Info:    Trying to load font information for T1+lmtt on input line 205.
(c:/Users/hp/AppData/Roaming/TinyTeX/texmf-dist/tex/latex/lm/t1lmtt.fd
File: t1lmtt.fd 2015/05/01 v1.6.1 Font defs for Latin Modern
)
LaTeX Font Info:    Font shape `T1/lmtt/bx/n' in size <10.95> not available
(Font)              Font shape `T1/lmtt/b/n' tried instead on input line 206.
[3] [4]
Underfull \hbox (badness 2884) in paragraph at lines 277--277
|[]\T1/ptm/b/n/12 Discuter ri-gou-reu-se-ment les consé-quences de
 []

LaTeX Font Info:    Trying to load font information for TS1+lmtt on input line 302.
(c:/Users/hp/AppData/Roaming/TinyTeX/texmf-dist/tex/latex/lm/ts1lmtt.fd
File: ts1lmtt.fd 2015/05/01 v1.6.1 Font defs for Latin Modern
)
Overfull \hbox (250.04646pt too wide) in paragraph at lines 307--307
[]\T1/lmtt/m/n/10.95 A B  qui est/sont dans x à la/les position (s)  2 4  n'est (ne sont) pas un / des nombre (s) 
 []

[5] [6] [7]
Underfull \hbox (badness 1048) in paragraph at lines 499--504
[]\T1/ptm/m/n/10.95 Elle peut être dan-ge-reuse dans le cas où nous avons des
 []

[8] [9]
Missing character: There is no ↑ ("2191) in font ec-lmtti10!
Missing character: There is no → ("2192) in font ec-lmtti10!
Missing character: There is no ← ("2190) in font ec-lmtti10!
Missing character: There is no ✓ ("2713) in font ec-lmtti10!
Missing character: There is no ← ("2190) in font ec-lmtti10!
Missing character: There is no ✗ ("2717) in font ec-lmtti10!
Missing character: There is no ← ("2190) in font ec-lmtti10!
Missing character: There is no ✓ ("2713) in font ec-lmtti10!
Missing character: There is no ’ ("2019) in font ptmr8t!
[10]
Overfull \hbox (89.08192pt too wide) in paragraph at lines 674--674
[]  \T1/lmtt/m/n/10.95 identifiant sexe filière moyenne_S1 moyenne_S2 statut_boursier 
 []


Overfull \hbox (89.08192pt too wide) in paragraph at lines 675--675
[]\T1/lmtt/m/n/10.95 1         S01    M    ISEP         14         16            TRUE[] 
 []


Overfull \hbox (89.08192pt too wide) in paragraph at lines 676--676
[]\T1/lmtt/m/n/10.95 2         S02    F     ISE         11         20           FALSE[] 
 []


Overfull \hbox (89.08192pt too wide) in paragraph at lines 677--677
[]\T1/lmtt/m/n/10.95 3         S03    M      AS         12         NA            TRUE[] 
 []


Overfull \hbox (89.08192pt too wide) in paragraph at lines 678--678
[]\T1/lmtt/m/n/10.95 4         S04    F    ISEP         NA         15           FALSE[] 
 []


Overfull \hbox (89.08192pt too wide) in paragraph at lines 679--679
[]\T1/lmtt/m/n/10.95 5         S05    M     ISE         NA         13            TRUE[] 
 []

[11]
Overfull \hbox (140.82053pt too wide) in paragraph at lines 719--719
[]\T1/lmtt/m/n/10.95 [1] "identifiant"      "sexe"             "filière"          "moyenne_S1" 
 []


Overfull \hbox (175.31293pt too wide) in paragraph at lines 720--720
[]\T1/lmtt/m/n/10.95 [5] "moyenne_S2"       "statut_boursier"  "region_d_origine" "moyenne_annuelle"[] 
 []


Underfull \hbox (badness 6236) in paragraph at lines 747--747
\T1/ptm/b/n/12 va-leurs aber-rantes ; les va-leurs man-quantes
 []

Missing character: There is no ─ ("2500) in font ec-lmtti10!
Missing character: There is no ─ ("2500) in font ec-lmtti10!
Missing character: There is no ─ ("2500) in font ec-lmtti10!
Missing character: There is no ─ ("2500) in font ec-lmtti10!
Missing character: There is no ─ ("2500) in font ec-lmtti10!
Missing character: There is no ─ ("2500) in font ec-lmtti10!
Missing character: There is no ─ ("2500) in font ec-lmtti10!
Missing character: There is no ─ ("2500) in font ec-lmtti10!
Missing character: There is no ─ ("2500) in font ec-lmtti10!
Missing character: There is no ─ ("2500) in font ec-lmtti10!
Missing character: There is no ─ ("2500) in font ec-lmtti10!
Missing character: There is no ─ ("2500) in font ec-lmtti10!
Missing character: There is no ─ ("2500) in font ec-lmtti10!
Missing character: There is no ─ ("2500) in font ec-lmtti10!
Missing character: There is no ─ ("2500) in font ec-lmtti10!
Missing character: There is no ─ ("2500) in font ec-lmtti10!
Missing character: There is no ─ ("2500) in font ec-lmtti10!
Missing character: There is no ─ ("2500) in font ec-lmtti10!
Missing character: There is no ─ ("2500) in font ec-lmtti10!
Missing character: There is no ─ ("2500) in font ec-lmtti10!
Missing character: There is no ─ ("2500) in font ec-lmtti10!
Missing character: There is no ─ ("2500) in font ec-lmtti10!
Missing character: There is no ─ ("2500) in font ec-lmtti10!
Missing character: There is no ─ ("2500) in font ec-lmtti10!
Missing character: There is no ─ ("2500) in font ec-lmtti10!
Missing character: There is no ─ ("2500) in font ec-lmtti10!
Missing character: There is no ─ ("2500) in font ec-lmtti10!
Missing character: There is no ─ ("2500) in font ec-lmtti10!
Missing character: There is no ─ ("2500) in font ec-lmtti10!
Missing character: There is no ─ ("2500) in font ec-lmtti10!
Missing character: There is no ─ ("2500) in font ec-lmtti10!
Missing character: There is no ─ ("2500) in font ec-lmtti10!
Missing character: There is no ─ ("2500) in font ec-lmtti10!
Missing character: There is no ─ ("2500) in font ec-lmtti10!
Missing character: There is no ─ ("2500) in font ec-lmtti10!
Missing character: There is no ─ ("2500) in font ec-lmtti10!
Missing character: There is no ─ ("2500) in font ec-lmtti10!
Missing character: There is no ─ ("2500) in font ec-lmtti10!
Missing character: There is no ─ ("2500) in font ec-lmtti10!
Missing character: There is no ─ ("2500) in font ec-lmtti10!
Missing character: There is no ─ ("2500) in font ec-lmtti10!
Missing character: There is no ─ ("2500) in font ec-lmtti10!
Missing character: There is no ─ ("2500) in font ec-lmtti10!
Missing character: There is no ─ ("2500) in font ec-lmtti10!
Missing character: There is no ─ ("2500) in font ec-lmtti10!
Missing character: There is no ─ ("2500) in font ec-lmtti10!
Missing character: There is no ─ ("2500) in font ec-lmtti10!
Missing character: There is no ─ ("2500) in font ec-lmtti10!
Missing character: There is no ─ ("2500) in font ec-lmtti10!
Missing character: There is no ─ ("2500) in font ec-lmtti10!
Missing character: There is no ─ ("2500) in font ec-lmtti10!
Missing character: There is no ─ ("2500) in font ec-lmtti10!
Missing character: There is no ─ ("2500) in font ec-lmtti10!
Missing character: There is no ─ ("2500) in font ec-lmtti10!
Missing character: There is no ─ ("2500) in font ec-lmtti10!
Missing character: There is no ─ ("2500) in font ec-lmtti10!
Missing character: There is no ─ ("2500) in font ec-lmtti10!
Missing character: There is no ─ ("2500) in font ec-lmtti10!
Missing character: There is no ─ ("2500) in font ec-lmtti10!
Missing character: There is no ─ ("2500) in font ec-lmtti10!
Missing character: There is no ─ ("2500) in font ec-lmtti10!
Missing character: There is no ─ ("2500) in font ec-lmtti10!
Missing character: There is no ─ ("2500) in font ec-lmtti10!
Missing character: There is no ─ ("2500) in font ec-lmtti10!
Missing character: There is no ─ ("2500) in font ec-lmtti10!
Missing character: There is no ─ ("2500) in font ec-lmtti10!
Missing character: There is no ─ ("2500) in font ec-lmtti10!
Missing character: There is no ─ ("2500) in font ec-lmtti10!
Missing character: There is no ─ ("2500) in font ec-lmtti10!
Missing character: There is no ─ ("2500) in font ec-lmtti10!
Missing character: There is no ─ ("2500) in font ec-lmtti10!
Missing character: There is no ─ ("2500) in font ec-lmtti10!
Missing character: There is no ─ ("2500) in font ec-lmtti10!
Missing character: There is no ─ ("2500) in font ec-lmtti10!
Missing character: There is no ─ ("2500) in font ec-lmtti10!
Missing character: There is no ─ ("2500) in font ec-lmtti10!
Missing character: There is no ─ ("2500) in font ec-lmtti10!
Missing character: There is no ─ ("2500) in font ec-lmtti10!
Missing character: There is no ─ ("2500) in font ec-lmtti10!
Missing character: There is no ─ ("2500) in font ec-lmtti10!
Missing character: There is no ─ ("2500) in font ec-lmtti10!
Missing character: There is no ─ ("2500) in font ec-lmtti10!
Missing character: There is no ─ ("2500) in font ec-lmtti10!
Missing character: There is no ─ ("2500) in font ec-lmtti10!
Missing character: There is no ─ ("2500) in font ec-lmtti10!
Missing character: There is no ─ ("2500) in font ec-lmtti10!
Missing character: There is no ─ ("2500) in font ec-lmtti10!
Missing character: There is no ─ ("2500) in font ec-lmtti10!
Missing character: There is no → ("2192) in font ec-lmtt10!
Missing character: There is no → ("2192) in font ec-lmtt10!
Missing character: There is no → ("2192) in font ec-lmtt10!
Missing character: There is no ─ ("2500) in font ec-lmtti10!
Missing character: There is no ─ ("2500) in font ec-lmtti10!
Missing character: There is no ─ ("2500) in font ec-lmtti10!
Missing character: There is no ─ ("2500) in font ec-lmtti10!
Missing character: There is no ─ ("2500) in font ec-lmtti10!
Missing character: There is no ─ ("2500) in font ec-lmtti10!
Missing character: There is no ─ ("2500) in font ec-lmtti10!
Missing character: There is no ─ ("2500) in font ec-lmtti10!
Missing character: There is no ─ ("2500) in font ec-lmtti10!
Missing character: There is no ─ ("2500) in font ec-lmtti10!
Missing character: There is no ─ ("2500) in font ec-lmtti10!
Missing character: There is no ─ ("2500) in font ec-lmtti10!
Missing character: There is no ─ ("2500) in font ec-lmtti10!
Missing character: There is no ─ ("2500) in font ec-lmtti10!
Missing character: There is no ─ ("2500) in font ec-lmtti10!
Missing character: There is no ─ ("2500) in font ec-lmtti10!
Missing character: There is no ─ ("2500) in font ec-lmtti10!
Missing character: There is no ─ ("2500) in font ec-lmtti10!
Missing character: There is no ─ ("2500) in font ec-lmtti10!
Missing character: There is no ─ ("2500) in font ec-lmtti10!
Missing character: There is no ─ ("2500) in font ec-lmtti10!
Missing character: There is no ─ ("2500) in font ec-lmtti10!
Missing character: There is no ─ ("2500) in font ec-lmtti10!
Missing character: There is no ─ ("2500) in font ec-lmtti10!
Missing character: There is no ─ ("2500) in font ec-lmtti10!
Missing character: There is no ─ ("2500) in font ec-lmtti10!
Missing character: There is no ─ ("2500) in font ec-lmtti10!
Missing character: There is no ─ ("2500) in font ec-lmtti10!
Missing character: There is no ─ ("2500) in font ec-lmtti10!
Missing character: There is no ─ ("2500) in font ec-lmtti10!
Missing character: There is no ─ ("2500) in font ec-lmtti10!
Missing character: There is no ─ ("2500) in font ec-lmtti10!
Missing character: There is no ─ ("2500) in font ec-lmtti10!
Missing character: There is no ─ ("2500) in font ec-lmtti10!
Missing character: There is no ─ ("2500) in font ec-lmtti10!
Missing character: There is no ─ ("2500) in font ec-lmtti10!
Missing character: There is no ─ ("2500) in font ec-lmtti10!
Missing character: There is no ─ ("2500) in font ec-lmtti10!
Missing character: There is no ─ ("2500) in font ec-lmtti10!
Missing character: There is no ─ ("2500) in font ec-lmtti10!
Missing character: There is no ─ ("2500) in font ec-lmtti10!
Missing character: There is no ─ ("2500) in font ec-lmtti10!
Missing character: There is no ─ ("2500) in font ec-lmtti10!
Missing character: There is no ─ ("2500) in font ec-lmtti10!
Missing character: There is no ─ ("2500) in font ec-lmtti10!
Missing character: There is no ─ ("2500) in font ec-lmtti10!
Missing character: There is no ─ ("2500) in font ec-lmtti10!
Missing character: There is no ─ ("2500) in font ec-lmtti10!
Missing character: There is no ─ ("2500) in font ec-lmtti10!
Missing character: There is no ─ ("2500) in font ec-lmtti10!
Missing character: There is no ─ ("2500) in font ec-lmtti10!
Missing character: There is no ─ ("2500) in font ec-lmtti10!
Missing character: There is no ─ ("2500) in font ec-lmtti10!
Missing character: There is no ─ ("2500) in font ec-lmtti10!
Missing character: There is no ─ ("2500) in font ec-lmtti10!
Missing character: There is no ─ ("2500) in font ec-lmtti10!
Missing character: There is no ─ ("2500) in font ec-lmtti10!
Missing character: There is no ─ ("2500) in font ec-lmtti10!
Missing character: There is no ─ ("2500) in font ec-lmtti10!
Missing character: There is no ─ ("2500) in font ec-lmtti10!
Missing character: There is no ─ ("2500) in font ec-lmtti10!
Missing character: There is no ─ ("2500) in font ec-lmtti10!
Missing character: There is no ─ ("2500) in font ec-lmtti10!
Missing character: There is no ─ ("2500) in font ec-lmtti10!
Missing character: There is no ─ ("2500) in font ec-lmtti10!
Missing character: There is no ─ ("2500) in font ec-lmtti10!
Missing character: There is no ─ ("2500) in font ec-lmtti10!
Missing character: There is no ─ ("2500) in font ec-lmtti10!
Missing character: There is no ─ ("2500) in font ec-lmtti10!
Missing character: There is no ─ ("2500) in font ec-lmtti10!
Missing character: There is no ─ ("2500) in font ec-lmtti10!
Missing character: There is no ─ ("2500) in font ec-lmtti10!
Missing character: There is no ─ ("2500) in font ec-lmtti10!
Missing character: There is no ─ ("2500) in font ec-lmtti10!
Missing character: There is no ─ ("2500) in font ec-lmtti10!
Missing character: There is no ─ ("2500) in font ec-lmtti10!
Missing character: There is no ─ ("2500) in font ec-lmtti10!
Missing character: There is no ─ ("2500) in font ec-lmtti10!
Missing character: There is no ─ ("2500) in font ec-lmtti10!
Missing character: There is no ─ ("2500) in font ec-lmtti10!
Missing character: There is no ─ ("2500) in font ec-lmtti10!
Missing character: There is no ─ ("2500) in font ec-lmtti10!
Missing character: There is no ─ ("2500) in font ec-lmtti10!
Missing character: There is no ─ ("2500) in font ec-lmtti10!
Missing character: There is no ─ ("2500) in font ec-lmtti10!
Missing character: There is no ─ ("2500) in font ec-lmtti10!
Missing character: There is no ─ ("2500) in font ec-lmtti10!
Missing character: There is no ─ ("2500) in font ec-lmtti10!
Missing character: There is no ─ ("2500) in font ec-lmtti10!
Missing character: There is no ─ ("2500) in font ec-lmtti10!
Missing character: There is no ─ ("2500) in font ec-lmtti10!
Missing character: There is no ─ ("2500) in font ec-lmtti10!
Missing character: There is no ─ ("2500) in font ec-lmtti10!
Missing character: There is no ─ ("2500) in font ec-lmtti10!
Missing character: There is no ─ ("2500) in font ec-lmtti10!
Missing character: There is no ─ ("2500) in font ec-lmtti10!
Missing character: There is no ─ ("2500) in font ec-lmtti10!
Missing character: There is no ─ ("2500) in font ec-lmtti10!
Missing character: There is no ─ ("2500) in font ec-lmtti10!
Missing character: There is no ─ ("2500) in font ec-lmtti10!
Missing character: There is no ─ ("2500) in font ec-lmtti10!
Missing character: There is no ─ ("2500) in font ec-lmtti10!
Missing character: There is no ─ ("2500) in font ec-lmtti10!
Missing character: There is no ─ ("2500) in font ec-lmtti10!
Missing character: There is no ─ ("2500) in font ec-lmtti10!
Missing character: There is no ─ ("2500) in font ec-lmtti10!
Missing character: There is no ─ ("2500) in font ec-lmtti10!
Missing character: There is no ─ ("2500) in font ec-lmtti10!
Missing character: There is no ─ ("2500) in font ec-lmtti10!
Missing character: There is no ─ ("2500) in font ec-lmtti10!
Missing character: There is no ─ ("2500) in font ec-lmtti10!
Missing character: There is no ─ ("2500) in font ec-lmtti10!
Missing character: There is no ─ ("2500) in font ec-lmtti10!
Missing character: There is no ─ ("2500) in font ec-lmtti10!
Missing character: There is no ─ ("2500) in font ec-lmtti10!
Missing character: There is no ─ ("2500) in font ec-lmtti10!
Missing character: There is no ─ ("2500) in font ec-lmtti10!
Missing character: There is no ─ ("2500) in font ec-lmtti10!
Missing character: There is no ─ ("2500) in font ec-lmtti10!
Missing character: There is no ─ ("2500) in font ec-lmtti10!
Missing character: There is no ─ ("2500) in font ec-lmtti10!
Missing character: There is no ─ ("2500) in font ec-lmtti10!
Missing character: There is no ─ ("2500) in font ec-lmtti10!
Missing character: There is no ─ ("2500) in font ec-lmtti10!
Missing character: There is no ─ ("2500) in font ec-lmtti10!
Missing character: There is no ─ ("2500) in font ec-lmtti10!
Missing character: There is no ─ ("2500) in font ec-lmtti10!
Missing character: There is no ─ ("2500) in font ec-lmtti10!
Missing character: There is no ─ ("2500) in font ec-lmtti10!
Missing character: There is no ─ ("2500) in font ec-lmtti10!
Missing character: There is no ─ ("2500) in font ec-lmtti10!
Missing character: There is no ─ ("2500) in font ec-lmtti10!
Missing character: There is no ─ ("2500) in font ec-lmtti10!
Missing character: There is no ─ ("2500) in font ec-lmtti10!
Missing character: There is no ─ ("2500) in font ec-lmtti10!
Missing character: There is no ─ ("2500) in font ec-lmtti10!
Missing character: There is no ─ ("2500) in font ec-lmtti10!
Missing character: There is no ─ ("2500) in font ec-lmtti10!
Missing character: There is no ─ ("2500) in font ec-lmtti10!
Missing character: There is no ─ ("2500) in font ec-lmtti10!
Missing character: There is no ─ ("2500) in font ec-lmtti10!
Missing character: There is no ─ ("2500) in font ec-lmtti10!
Missing character: There is no ─ ("2500) in font ec-lmtti10!
Missing character: There is no ─ ("2500) in font ec-lmtti10!
Missing character: There is no ─ ("2500) in font ec-lmtti10!
Missing character: There is no ─ ("2500) in font ec-lmtti10!
Missing character: There is no ─ ("2500) in font ec-lmtti10!
Missing character: There is no ─ ("2500) in font ec-lmtti10!
Missing character: There is no ─ ("2500) in font ec-lmtti10!
Missing character: There is no ─ ("2500) in font ec-lmtti10!
Missing character: There is no ─ ("2500) in font ec-lmtti10!
Missing character: There is no ─ ("2500) in font ec-lmtti10!
Missing character: There is no ─ ("2500) in font ec-lmtti10!
Missing character: There is no ─ ("2500) in font ec-lmtti10!
Missing character: There is no ─ ("2500) in font ec-lmtti10!
Missing character: There is no ─ ("2500) in font ec-lmtti10!
Missing character: There is no ─ ("2500) in font ec-lmtti10!
Missing character: There is no ─ ("2500) in font ec-lmtti10!
Missing character: There is no ─ ("2500) in font ec-lmtti10!
Missing character: There is no ─ ("2500) in font ec-lmtti10!
Missing character: There is no ─ ("2500) in font ec-lmtti10!
Missing character: There is no ─ ("2500) in font ec-lmtti10!
Missing character: There is no ─ ("2500) in font ec-lmtti10!
Missing character: There is no ─ ("2500) in font ec-lmtti10!
Missing character: There is no ─ ("2500) in font ec-lmtti10!
Missing character: There is no ─ ("2500) in font ec-lmtti10!
Missing character: There is no ─ ("2500) in font ec-lmtti10!
Missing character: There is no ─ ("2500) in font ec-lmtti10!
Missing character: There is no ─ ("2500) in font ec-lmtti10!
Missing character: There is no ─ ("2500) in font ec-lmtti10!
Missing character: There is no ─ ("2500) in font ec-lmtti10!
Missing character: There is no ─ ("2500) in font ec-lmtti10!
Missing character: There is no ─ ("2500) in font ec-lmtti10!
Missing character: There is no ─ ("2500) in font ec-lmtti10!
Missing character: There is no ─ ("2500) in font ec-lmtti10!
Missing character: There is no ─ ("2500) in font ec-lmtti10!
Missing character: There is no ≥ ("2265) in font ec-lmtt10!
Missing character: There is no ≥ ("2265) in font ec-lmtt10!
Missing character: There is no ≥ ("2265) in font ec-lmtt10!
Missing character: There is no ─ ("2500) in font ec-lmtti10!
Missing character: There is no ─ ("2500) in font ec-lmtti10!
Missing character: There is no ─ ("2500) in font ec-lmtti10!
Missing character: There is no ─ ("2500) in font ec-lmtti10!
Missing character: There is no ─ ("2500) in font ec-lmtti10!
Missing character: There is no ─ ("2500) in font ec-lmtti10!
Missing character: There is no ─ ("2500) in font ec-lmtti10!
Missing character: There is no ─ ("2500) in font ec-lmtti10!
Missing character: There is no ─ ("2500) in font ec-lmtti10!
Missing character: There is no ─ ("2500) in font ec-lmtti10!
Missing character: There is no ─ ("2500) in font ec-lmtti10!
Missing character: There is no ─ ("2500) in font ec-lmtti10!
Missing character: There is no ─ ("2500) in font ec-lmtti10!
Missing character: There is no ─ ("2500) in font ec-lmtti10!
Missing character: There is no ─ ("2500) in font ec-lmtti10!
Missing character: There is no ─ ("2500) in font ec-lmtti10!
Missing character: There is no ─ ("2500) in font ec-lmtti10!
Missing character: There is no ─ ("2500) in font ec-lmtti10!
Missing character: There is no ─ ("2500) in font ec-lmtti10!
Missing character: There is no ─ ("2500) in font ec-lmtti10!
Missing character: There is no ─ ("2500) in font ec-lmtti10!
Missing character: There is no ─ ("2500) in font ec-lmtti10!
Missing character: There is no ─ ("2500) in font ec-lmtti10!
Missing character: There is no ─ ("2500) in font ec-lmtti10!
Missing character: There is no ─ ("2500) in font ec-lmtti10!
Missing character: There is no ─ ("2500) in font ec-lmtti10!
Missing character: There is no ─ ("2500) in font ec-lmtti10!
Missing character: There is no ─ ("2500) in font ec-lmtti10!
Missing character: There is no ─ ("2500) in font ec-lmtti10!
Missing character: There is no ─ ("2500) in font ec-lmtti10!
Missing character: There is no ─ ("2500) in font ec-lmtti10!
Missing character: There is no ─ ("2500) in font ec-lmtti10!
Missing character: There is no ─ ("2500) in font ec-lmtti10!
Missing character: There is no ─ ("2500) in font ec-lmtti10!
Missing character: There is no ─ ("2500) in font ec-lmtti10!
Missing character: There is no ─ ("2500) in font ec-lmtti10!
Missing character: There is no ─ ("2500) in font ec-lmtti10!
Missing character: There is no ─ ("2500) in font ec-lmtti10!
Missing character: There is no ─ ("2500) in font ec-lmtti10!
Missing character: There is no ─ ("2500) in font ec-lmtti10!
Missing character: There is no ─ ("2500) in font ec-lmtti10!
Missing character: There is no ─ ("2500) in font ec-lmtti10!
Missing character: There is no ─ ("2500) in font ec-lmtti10!
Missing character: There is no ─ ("2500) in font ec-lmtti10!
Missing character: There is no ─ ("2500) in font ec-lmtti10!
Missing character: There is no ─ ("2500) in font ec-lmtti10!
Missing character: There is no ─ ("2500) in font ec-lmtti10!
Missing character: There is no ─ ("2500) in font ec-lmtti10!
Missing character: There is no ─ ("2500) in font ec-lmtti10!
Missing character: There is no ─ ("2500) in font ec-lmtti10!
Missing character: There is no ─ ("2500) in font ec-lmtti10!
Missing character: There is no ─ ("2500) in font ec-lmtti10!
Missing character: There is no ─ ("2500) in font ec-lmtti10!
Missing character: There is no ─ ("2500) in font ec-lmtti10!
Missing character: There is no ─ ("2500) in font ec-lmtti10!
Missing character: There is no ─ ("2500) in font ec-lmtti10!
Missing character: There is no ─ ("2500) in font ec-lmtti10!
Missing character: There is no ─ ("2500) in font ec-lmtti10!
Missing character: There is no ─ ("2500) in font ec-lmtti10!
Missing character: There is no ─ ("2500) in font ec-lmtti10!
Missing character: There is no ─ ("2500) in font ec-lmtti10!
Missing character: There is no ─ ("2500) in font ec-lmtti10!
Missing character: There is no ─ ("2500) in font ec-lmtti10!
Missing character: There is no ─ ("2500) in font ec-lmtti10!
Missing character: There is no ─ ("2500) in font ec-lmtti10!
Missing character: There is no ─ ("2500) in font ec-lmtti10!
Missing character: There is no ─ ("2500) in font ec-lmtti10!
Missing character: There is no ─ ("2500) in font ec-lmtti10!
Missing character: There is no ─ ("2500) in font ec-lmtti10!
Missing character: There is no ─ ("2500) in font ec-lmtti10!
Missing character: There is no ─ ("2500) in font ec-lmtti10!
Missing character: There is no ─ ("2500) in font ec-lmtti10!
Missing character: There is no ─ ("2500) in font ec-lmtti10!
Missing character: There is no ─ ("2500) in font ec-lmtti10!
Missing character: There is no ─ ("2500) in font ec-lmtti10!
Missing character: There is no ─ ("2500) in font ec-lmtti10!
Missing character: There is no ─ ("2500) in font ec-lmtti10!
Missing character: There is no ─ ("2500) in font ec-lmtti10!
Missing character: There is no ─ ("2500) in font ec-lmtti10!
Missing character: There is no ─ ("2500) in font ec-lmtti10!
Missing character: There is no ─ ("2500) in font ec-lmtti10!
Missing character: There is no ─ ("2500) in font ec-lmtti10!
Missing character: There is no ─ ("2500) in font ec-lmtti10!
Missing character: There is no ─ ("2500) in font ec-lmtti10!
Missing character: There is no ─ ("2500) in font ec-lmtti10!
Missing character: There is no ─ ("2500) in font ec-lmtti10!
Missing character: There is no ─ ("2500) in font ec-lmtti10!
Missing character: There is no ─ ("2500) in font ec-lmtti10!
Missing character: There is no ═ ("2550) in font ec-lmtt10!
Missing character: There is no ═ ("2550) in font ec-lmtt10!
Missing character: There is no ═ ("2550) in font ec-lmtt10!
Missing character: There is no ═ ("2550) in font ec-lmtt10!
Missing character: There is no ═ ("2550) in font ec-lmtt10!
Missing character: There is no ═ ("2550) in font ec-lmtt10!
Missing character: There is no ═ ("2550) in font ec-lmtt10!
Missing character: There is no ═ ("2550) in font ec-lmtt10!
Missing character: There is no ═ ("2550) in font ec-lmtt10!
Missing character: There is no ═ ("2550) in font ec-lmtt10!
Missing character: There is no ═ ("2550) in font ec-lmtt10!
Missing character: There is no ═ ("2550) in font ec-lmtt10!
Missing character: There is no ═ ("2550) in font ec-lmtt10!
Missing character: There is no ═ ("2550) in font ec-lmtt10!
Missing character: There is no ═ ("2550) in font ec-lmtt10!
Missing character: There is no ═ ("2550) in font ec-lmtt10!
Missing character: There is no ═ ("2550) in font ec-lmtt10!
Missing character: There is no ═ ("2550) in font ec-lmtt10!
Missing character: There is no ═ ("2550) in font ec-lmtt10!
Missing character: There is no ═ ("2550) in font ec-lmtt10!
Missing character: There is no ═ ("2550) in font ec-lmtt10!
Missing character: There is no ═ ("2550) in font ec-lmtt10!
Missing character: There is no ═ ("2550) in font ec-lmtt10!
Missing character: There is no ═ ("2550) in font ec-lmtt10!
Missing character: There is no ═ ("2550) in font ec-lmtt10!
Missing character: There is no ═ ("2550) in font ec-lmtt10!
Missing character: There is no ═ ("2550) in font ec-lmtt10!
Missing character: There is no ═ ("2550) in font ec-lmtt10!
Missing character: There is no ═ ("2550) in font ec-lmtt10!
Missing character: There is no ═ ("2550) in font ec-lmtt10!
Missing character: There is no ═ ("2550) in font ec-lmtt10!
Missing character: There is no ═ ("2550) in font ec-lmtt10!
Missing character: There is no ═ ("2550) in font ec-lmtt10!
Missing character: There is no ═ ("2550) in font ec-lmtt10!
Missing character: There is no ═ ("2550) in font ec-lmtt10!
Missing character: There is no ═ ("2550) in font ec-lmtt10!
Missing character: There is no ═ ("2550) in font ec-lmtt10!
Missing character: There is no ═ ("2550) in font ec-lmtt10!
Missing character: There is no ═ ("2550) in font ec-lmtt10!
Missing character: There is no ═ ("2550) in font ec-lmtt10!
Missing character: There is no ═ ("2550) in font ec-lmtt10!
Missing character: There is no ═ ("2550) in font ec-lmtt10!
Missing character: There is no ═ ("2550) in font ec-lmtt10!
Missing character: There is no ═ ("2550) in font ec-lmtt10!
Missing character: There is no ═ ("2550) in font ec-lmtt10!
Missing character: There is no ═ ("2550) in font ec-lmtt10!
Missing character: There is no ═ ("2550) in font ec-lmtt10!
Missing character: There is no ═ ("2550) in font ec-lmtt10!
Missing character: There is no ═ ("2550) in font ec-lmtt10!
Missing character: There is no ═ ("2550) in font ec-lmtt10!
Missing character: There is no ═ ("2550) in font ec-lmtt10!
Missing character: There is no ═ ("2550) in font ec-lmtt10!
Missing character: There is no ═ ("2550) in font ec-lmtt10!
Missing character: There is no ═ ("2550) in font ec-lmtt10!
Missing character: There is no ═ ("2550) in font ec-lmtt10!
Missing character: There is no ═ ("2550) in font ec-lmtt10!
Missing character: There is no ═ ("2550) in font ec-lmtt10!
Missing character: There is no ═ ("2550) in font ec-lmtt10!
Missing character: There is no ═ ("2550) in font ec-lmtt10!
Missing character: There is no ═ ("2550) in font ec-lmtt10!
Missing character: There is no ═ ("2550) in font ec-lmtt10!
Missing character: There is no ═ ("2550) in font ec-lmtt10!
Missing character: There is no ═ ("2550) in font ec-lmtt10!
Missing character: There is no ═ ("2550) in font ec-lmtt10!
Missing character: There is no ═ ("2550) in font ec-lmtt10!
Missing character: There is no ═ ("2550) in font ec-lmtt10!
Missing character: There is no ═ ("2550) in font ec-lmtt10!
Missing character: There is no ═ ("2550) in font ec-lmtt10!
Missing character: There is no ═ ("2550) in font ec-lmtt10!
Missing character: There is no ═ ("2550) in font ec-lmtt10!
Missing character: There is no ═ ("2550) in font ec-lmtt10!
Missing character: There is no ═ ("2550) in font ec-lmtt10!
Missing character: There is no ═ ("2550) in font ec-lmtt10!
Missing character: There is no ═ ("2550) in font ec-lmtt10!
Missing character: There is no ═ ("2550) in font ec-lmtt10!
Missing character: There is no ═ ("2550) in font ec-lmtt10!
Missing character: There is no ═ ("2550) in font ec-lmtt10!
Missing character: There is no ═ ("2550) in font ec-lmtt10!
Missing character: There is no ═ ("2550) in font ec-lmtt10!
Missing character: There is no ═ ("2550) in font ec-lmtt10!
Missing character: There is no ═ ("2550) in font ec-lmtt10!
Missing character: There is no ═ ("2550) in font ec-lmtt10!
Missing character: There is no ═ ("2550) in font ec-lmtt10!
Missing character: There is no ═ ("2550) in font ec-lmtt10!
Missing character: There is no ─ ("2500) in font ec-lmtt10!
Missing character: There is no ─ ("2500) in font ec-lmtt10!
Missing character: There is no ─ ("2500) in font ec-lmtt10!
Missing character: There is no ─ ("2500) in font ec-lmtt10!
Missing character: There is no ─ ("2500) in font ec-lmtt10!
Missing character: There is no ─ ("2500) in font ec-lmtt10!
Missing character: There is no ─ ("2500) in font ec-lmtt10!
Missing character: There is no ─ ("2500) in font ec-lmtt10!
Missing character: There is no ─ ("2500) in font ec-lmtt10!
Missing character: There is no ─ ("2500) in font ec-lmtt10!
Missing character: There is no ─ ("2500) in font ec-lmtt10!
Missing character: There is no ─ ("2500) in font ec-lmtt10!
Missing character: There is no ─ ("2500) in font ec-lmtt10!
Missing character: There is no ─ ("2500) in font ec-lmtt10!
Missing character: There is no ─ ("2500) in font ec-lmtt10!
Missing character: There is no ─ ("2500) in font ec-lmtt10!
Missing character: There is no ✓ ("2713) in font ec-lmtt10!
Missing character: There is no ─ ("2500) in font ec-lmtt10!
Missing character: There is no ─ ("2500) in font ec-lmtt10!
Missing character: There is no ─ ("2500) in font ec-lmtt10!
Missing character: There is no ─ ("2500) in font ec-lmtt10!
Missing character: There is no ✓ ("2713) in font ec-lmtt10!
Missing character: There is no ─ ("2500) in font ec-lmtt10!
Missing character: There is no ─ ("2500) in font ec-lmtt10!
Missing character: There is no ─ ("2500) in font ec-lmtt10!
Missing character: There is no ─ ("2500) in font ec-lmtt10!
Missing character: There is no ─ ("2500) in font ec-lmtt10!
Missing character: There is no ─ ("2500) in font ec-lmtt10!
Missing character: There is no ─ ("2500) in font ec-lmtt10!
Missing character: There is no ─ ("2500) in font ec-lmtt10!
Missing character: There is no ✓ ("2713) in font ec-lmtt10!
[12]
Underfull \vbox (badness 10000) detected at line 884
 []


Underfull \vbox (badness 10000) detected at line 884
 []

[13]
Underfull \vbox (badness 10000) detected at line 884
 []


Underfull \vbox (badness 10000) detected at line 884
 []

[14]
Underfull \vbox (badness 10000) detected at line 884
 []


Underfull \vbox (badness 10000) detected at line 884
 []

[15]
Missing character: There is no ═ ("2550) in font ec-lmtt10!
Missing character: There is no ═ ("2550) in font ec-lmtt10!
Missing character: There is no ═ ("2550) in font ec-lmtt10!
Missing character: There is no ═ ("2550) in font ec-lmtt10!
Missing character: There is no ═ ("2550) in font ec-lmtt10!
Missing character: There is no ═ ("2550) in font ec-lmtt10!
Missing character: There is no ═ ("2550) in font ec-lmtt10!
Missing character: There is no ═ ("2550) in font ec-lmtt10!
Missing character: There is no ═ ("2550) in font ec-lmtt10!
Missing character: There is no ═ ("2550) in font ec-lmtt10!
Missing character: There is no ═ ("2550) in font ec-lmtt10!
Missing character: There is no ═ ("2550) in font ec-lmtt10!
Missing character: There is no ═ ("2550) in font ec-lmtt10!
Missing character: There is no ═ ("2550) in font ec-lmtt10!
Missing character: There is no ═ ("2550) in font ec-lmtt10!
Missing character: There is no ═ ("2550) in font ec-lmtt10!
Missing character: There is no ═ ("2550) in font ec-lmtt10!
Missing character: There is no ═ ("2550) in font ec-lmtt10!
Missing character: There is no ═ ("2550) in font ec-lmtt10!
Missing character: There is no ═ ("2550) in font ec-lmtt10!
Missing character: There is no ═ ("2550) in font ec-lmtt10!
Missing character: There is no ═ ("2550) in font ec-lmtt10!
Missing character: There is no ═ ("2550) in font ec-lmtt10!
Missing character: There is no ═ ("2550) in font ec-lmtt10!
Missing character: There is no ═ ("2550) in font ec-lmtt10!
Missing character: There is no ═ ("2550) in font ec-lmtt10!
Missing character: There is no ═ ("2550) in font ec-lmtt10!
Missing character: There is no ═ ("2550) in font ec-lmtt10!
Missing character: There is no ═ ("2550) in font ec-lmtt10!
Missing character: There is no ═ ("2550) in font ec-lmtt10!
Missing character: There is no ═ ("2550) in font ec-lmtt10!
Missing character: There is no ═ ("2550) in font ec-lmtt10!
Missing character: There is no ═ ("2550) in font ec-lmtt10!
Missing character: There is no ═ ("2550) in font ec-lmtt10!
Missing character: There is no ═ ("2550) in font ec-lmtt10!
Missing character: There is no ═ ("2550) in font ec-lmtt10!
Missing character: There is no ═ ("2550) in font ec-lmtt10!
Missing character: There is no ═ ("2550) in font ec-lmtt10!
Missing character: There is no ═ ("2550) in font ec-lmtt10!
Missing character: There is no ═ ("2550) in font ec-lmtt10!
Missing character: There is no ═ ("2550) in font ec-lmtt10!
Missing character: There is no ═ ("2550) in font ec-lmtt10!
Missing character: There is no ═ ("2550) in font ec-lmtt10!
Missing character: There is no ═ ("2550) in font ec-lmtt10!
Missing character: There is no ═ ("2550) in font ec-lmtt10!
Missing character: There is no ═ ("2550) in font ec-lmtt10!
Missing character: There is no ═ ("2550) in font ec-lmtt10!
Missing character: There is no ═ ("2550) in font ec-lmtt10!
Missing character: There is no ═ ("2550) in font ec-lmtt10!
Missing character: There is no ═ ("2550) in font ec-lmtt10!
Missing character: There is no ═ ("2550) in font ec-lmtt10!
Missing character: There is no ═ ("2550) in font ec-lmtt10!
Missing character: There is no ═ ("2550) in font ec-lmtt10!
Missing character: There is no ═ ("2550) in font ec-lmtt10!
Missing character: There is no ═ ("2550) in font ec-lmtt10!
Missing character: There is no ═ ("2550) in font ec-lmtt10!
Missing character: There is no ═ ("2550) in font ec-lmtt10!
Missing character: There is no ═ ("2550) in font ec-lmtt10!
Missing character: There is no ═ ("2550) in font ec-lmtt10!
Missing character: There is no ═ ("2550) in font ec-lmtt10!
Missing character: There is no ═ ("2550) in font ec-lmtt10!
Missing character: There is no ═ ("2550) in font ec-lmtt10!
Missing character: There is no ═ ("2550) in font ec-lmtt10!
Missing character: There is no ═ ("2550) in font ec-lmtt10!
Missing character: There is no ═ ("2550) in font ec-lmtt10!
Missing character: There is no ═ ("2550) in font ec-lmtt10!
Missing character: There is no ═ ("2550) in font ec-lmtt10!
Missing character: There is no ═ ("2550) in font ec-lmtt10!
Missing character: There is no ═ ("2550) in font ec-lmtt10!
Missing character: There is no ═ ("2550) in font ec-lmtt10!
Missing character: There is no ═ ("2550) in font ec-lmtt10!
Missing character: There is no ═ ("2550) in font ec-lmtt10!
Missing character: There is no ═ ("2550) in font ec-lmtt10!
Missing character: There is no ═ ("2550) in font ec-lmtt10!
Missing character: There is no ═ ("2550) in font ec-lmtt10!
Missing character: There is no ═ ("2550) in font ec-lmtt10!
Missing character: There is no ═ ("2550) in font ec-lmtt10!
Missing character: There is no ═ ("2550) in font ec-lmtt10!
Missing character: There is no ═ ("2550) in font ec-lmtt10!
Missing character: There is no ═ ("2550) in font ec-lmtt10!
Missing character: There is no ═ ("2550) in font ec-lmtt10!
Missing character: There is no ═ ("2550) in font ec-lmtt10!
Missing character: There is no ═ ("2550) in font ec-lmtt10!
Missing character: There is no ═ ("2550) in font ec-lmtt10!
Missing character: There is no ═ ("2550) in font ec-lmtt10!
Missing character: There is no ═ ("2550) in font ec-lmtt10!
Missing character: There is no ═ ("2550) in font ec-lmtt10!
Missing character: There is no ═ ("2550) in font ec-lmtt10!
Missing character: There is no ─ ("2500) in font ec-lmtt10!
Missing character: There is no ─ ("2500) in font ec-lmtt10!
Missing character: There is no ─ ("2500) in font ec-lmtt10!
Missing character: There is no ─ ("2500) in font ec-lmtt10!
Missing character: There is no ─ ("2500) in font ec-lmtt10!
Missing character: There is no ─ ("2500) in font ec-lmtt10!
Missing character: There is no ─ ("2500) in font ec-lmtt10!
Missing character: There is no ─ ("2500) in font ec-lmtt10!
Missing character: There is no ─ ("2500) in font ec-lmtt10!
Missing character: There is no ─ ("2500) in font ec-lmtt10!
Missing character: There is no ─ ("2500) in font ec-lmtt10!
Missing character: There is no ─ ("2500) in font ec-lmtt10!
Missing character: There is no ─ ("2500) in font ec-lmtt10!
Missing character: There is no ─ ("2500) in font ec-lmtt10!
Missing character: There is no ─ ("2500) in font ec-lmtt10!
Missing character: There is no ─ ("2500) in font ec-lmtt10!
Missing character: There is no ─ ("2500) in font ec-lmtt10!
Missing character: There is no ─ ("2500) in font ec-lmtt10!
Missing character: There is no ─ ("2500) in font ec-lmtt10!
Missing character: There is no ─ ("2500) in font ec-lmtt10!
Missing character: There is no → ("2192) in font ec-lmtt10!
[16]
Missing character: There is no → ("2192) in font ec-lmtt10!

Overfull \hbox (48.84079pt too wide) in paragraph at lines 909--909
[]   \T1/lmtt/m/n/10.95 'actif' pourrait être logical (contient seulement 0/1)[] 
 []

Missing character: There is no ─ ("2500) in font ec-lmtt10!
Missing character: There is no ─ ("2500) in font ec-lmtt10!
Missing character: There is no ─ ("2500) in font ec-lmtt10!
Missing character: There is no ─ ("2500) in font ec-lmtt10!
Missing character: There is no ─ ("2500) in font ec-lmtt10!
Missing character: There is no ─ ("2500) in font ec-lmtt10!
Missing character: There is no ─ ("2500) in font ec-lmtt10!
Missing character: There is no ─ ("2500) in font ec-lmtt10!
Missing character: There is no ✓ ("2713) in font ec-lmtt10!
Missing character: There is no ─ ("2500) in font ec-lmtt10!
Missing character: There is no ─ ("2500) in font ec-lmtt10!
Missing character: There is no ─ ("2500) in font ec-lmtt10!
Missing character: There is no ─ ("2500) in font ec-lmtt10!
Missing character: There is no ─ ("2500) in font ec-lmtt10!
Missing character: There is no ─ ("2500) in font ec-lmtt10!
Missing character: There is no ─ ("2500) in font ec-lmtt10!
Missing character: There is no ─ ("2500) in font ec-lmtt10!
Missing character: There is no ─ ("2500) in font ec-lmtt10!
Missing character: There is no ─ ("2500) in font ec-lmtt10!
Missing character: There is no ─ ("2500) in font ec-lmtt10!
Missing character: There is no ─ ("2500) in font ec-lmtt10!
Missing character: There is no ≥ ("2265) in font ec-lmtt10!
Missing character: There is no ≥ ("2265) in font ec-lmtt10!
Missing character: There is no ≥ ("2265) in font ec-lmtt10!
Missing character: There is no → ("2192) in font ptmr8t!
Missing character: There is no → ("2192) in font ptmr8t!
[17]
Missing character: There is no ← ("2190) in font ec-lmtti10!
Missing character: There is no → ("2192) in font ptmr8t!
Missing character: There is no → ("2192) in font ptmr8t!
[18] (./Traitement-TP1.aux)
 ***********
LaTeX2e <2025-11-01>
L3 programming layer <2026-03-20>
 ***********

LaTeX Font Warning: Some font shapes were not available, defaults substituted.

 ) 
Here is how much of TeX's memory you used:
 44349 strings out of 469995
 894033 string characters out of 5473126
 1433317 words of memory out of 5000000
 72431 multiletter control sequences out of 15000+600000
 674681 words of font info for 134 fonts, out of 8000000 for 9000
 14 hyphenation exceptions out of 8191
 90i,7n,113p,1203b,619s stack positions out of 10000i,1000n,20000p,200000b,200000s

Output written on Traitement-TP1.pdf (18 pages).
